id;abbreviation;ekatte_num;name
3;BGS01-03;36227;Карагеоргиево
4;BGS01-04;36381;Караново
5;BGS01-06;46440;Малка поляна
6;BGS01-07;49477;Мъглен
7;BGS01-08;56321;Пещерско
8;BGS01-09;56438;Пирне
9;BGS01-10;57426;Поляново
10;BGS01-11;62013;Раклиново
11;BGS01-12;70473;Съдиево
12;BGS01-13;72727;Тополица
13;BGS01-14;80813;Черна могила
14;BGS01-15;81102;Черноград
15;BGS01-16;81640;Чукарка
19;BGS04-05;23090;Драганово
20;BGS04-07;32425;Изворище
21;BGS04-09;47202;Маринка
22;BGS04-10;61145;Равнец
23;BGS04-12;72151;Твърдица
24;BGS04-14;21141;Димчево
25;BGS04-15;32367;Извор
26;BGS06-05;20273;Дебелт
27;BGS06-08;23604;Драчево
28;BGS06-09;24712;Дюлево
29;BGS06-10;29221;Момина църква
30;BGS06-11;30168;Загорци
31;BGS06-15;53984;Орлинци
32;BGS06-18;65560;Светлина
33;BGS06-23;76039;Факия
34;BGS06-24;31379;Зорница
35;BGS08-01;11096;Винарско
36;BGS08-02;12245;Вратица
37;BGS08-03;29249;Желязово
38;BGS08-04;40381;Кръстина
39;BGS08-05;43623;Ливада
40;BGS08-06;52279;Константиново
41;BGS08-07;57337;Полски извор
42;BGS08-08;63478;Русокастро
43;BGS08-09;65783;Свобода
44;BGS08-10;73211;Трояново
45;BGS08-11;73388;Тръстиково
46;BGS08-12;80916;Черни връх
49;BGS09-03;10625;Венец
50;BGS09-05;20417;Деветак
51;BGS09-07;21508;Добриново
52;BGS09-09;23306;Драгово
53;BGS09-10;27169;Екзарх Антимово
54;BGS09-12;29492;Житосвят
55;BGS09-13;30853;Зимен
56;BGS09-14;32809;Искра
57;BGS09-15;37201;Кликач
58;BGS09-16;40021;Крумово градище
59;BGS09-19;51202;Невестино
60;BGS09-22;66408;Сигмен
61;BGS09-23;67920;Соколово
62;BGS09-24;70576;Сърнево
63;BGS09-26;77089;Хаджиите
64;BGS09-28;78416;Церковски
65;BGS09-29;80755;Черково
66;BGS09-30;53312;Огнен
67;BGS12-05;17693;Граматиково
68;BGS12-07;30483;Звездец
71;BGS13-04;10094;Варвара
72;BGS13-07;38947;Кости
73;BGS13-08;44094;Лозенец
74;BGS13-12;66528;Синеморец
76;BGS15-02;11538;Свети Влас
77;BGS15-03;18469;Гюльовца
78;BGS15-04;39164;Кошарица
79;BGS15-05;53045;Обзор
80;BGS15-06;53822;Оризаре
81;BGS15-08;61056;Равда
82;BGS15-09;73571;Тънково
2;BGS01-02;30805;Зетьово
85;BGS17-04;14057;Габерово
86;BGS17-05;16064;Горица
87;BGS17-06;18229;Гълъбец
88;BGS17-07;24253;Дъбник
18;BGS04-04;07332;Българово
47;BGS09-01;00775;Аспарухово
48;BGS09-02;02765;Детелина
69;BGS13-01;00878;Ахтопол
70;BGS13-02;06553;Бродилово
75;BGS15-01;02703;Баня
83;BGS17-02;00833;Ахелой
84;BGS17-03;02810;Бата
89;BGS17-08;27440;Белодол
90;BGS17-09;35033;Каблешково
91;BGS17-10;35691;Каменар
92;BGS17-11;37753;Козичино
93;BGS17-12;38769;Косовец
94;BGS17-13;44425;Лъка
95;BGS17-14;47651;Медово
96;BGS17-15;57790;Порой
97;BGS17-16;69746;Страцин
99;BGS18-02;11363;Вишна
100;BGS18-03;12303;Вресово
101;BGS18-04;15967;Подгорец
102;BGS18-05;21333;Добра поляна
103;BGS18-06;21614;Добромир
104;BGS18-07;23755;Дропла
105;BGS18-08;24699;Дъскотна
106;BGS18-09;30234;Заимчево
107;BGS18-10;30243;Зайчар
108;BGS18-11;35955;Каменяк
109;BGS18-12;36213;Каравельово
110;BGS18-13;43880;Листец
111;BGS18-14;44690;Люляково
112;BGS18-15;46930;Припек
113;BGS18-16;49254;Мрежичко
114;BGS18-17;51055;Преображенци
115;BGS18-18;56647;Планиница
116;BGS18-19;58640;Просеник
117;BGS18-20;61666;Разбойна
118;BGS18-21;62548;Речица
119;BGS18-22;62904;Рожден
120;BGS18-23;63166;Рудина
121;BGS18-24;63375;Рупча
122;BGS18-25;63598;Ръжица
123;BGS18-26;66706;Скалак
124;BGS18-27;67725;Снежа
125;BGS18-28;67767;Снягово
126;BGS18-29;67876;Соколец
127;BGS18-30;68401;Средна махала
128;BGS18-31;69990;Струя
129;BGS18-32;72864;Топчийско
130;BGS18-33;73287;Трънак
131;BGS18-34;80296;Сини рид
132;BGS18-35;80563;Череша
133;BGS18-36;83154;Шиварово
134;BGS18-37;87093;Ябълчево
135;BGS18-38;87638;Ясеново
136;BGS21-03;14249;Габър
137;BGS21-05;30822;Зидарово
138;BGS21-07;32737;Индже войвода
139;BGS21-08;40124;Крушевец
140;BGS21-11;61042;Равадиново
141;BGS21-12;61114;Равна гора
142;BGS21-13;63015;Атия
143;BGS21-14;63029;Росен
144;BGS21-15;81178;Черноморец
145;BGS23-04;10327;Везенково
146;BGS23-05;12591;Вълчин
147;BGS23-06;17909;Грозден
148;BGS23-09;36004;Камчия
149;BGS23-10;37215;Климаш
150;BGS23-11;38889;Костен
151;BGS23-12;44029;Лозарево
152;BGS23-13;47096;Манолич
153;BGS23-15;56959;Подвис
154;BGS23-16;58325;Прилеп
155;BGS23-18;65111;Садово
156;BGS23-19;67115;Славянци
157;BGS23-20;70514;Съединение
158;BGS23-22;76056;Велислав
159;BGS23-23;81006;Черница
160;BGS23-24;81582;Чубра
161;BGS27-01;52129;Ново Паничарево
162;BGS27-02;56513;Писменово
163;BGS27-03;87655;Ясна поляна
164;BGS27-04;37023;Китен
165;BGS27-05;10731;Веселие
166;BLG01-02;21498;Добринище
167;BLG01-03;39614;Кремен
168;BLG01-04;47857;Места
169;BLG01-07;76090;Филипово
171;BLG02-04;20064;Дагоново
172;BLG02-06;39270;Краище
173;BLG02-07;40453;Кузьово
174;BLG02-08;44762;Лютово
175;BLG02-09;53998;Орцево
176;BLG02-10;59330;Палатик
177;BLG02-11;77596;Горно Краище
178;BLG02-12;80649;Черешово
183;BLG03-10;24367;Дъбрава
184;BLG03-11;27231;Еленово
185;BLG03-12;30702;Зелендол
186;BLG03-14;43520;Лешко
187;BLG03-15;47370;Марулево
188;BLG03-17;55107;Падеш
189;BLG03-18;57159;Покровник
190;BLG03-19;62699;Рилци
191;BLG03-20;66055;Селище
192;BLG03-21;68792;Логодаж
193;BLG03-22;78464;Церово
198;BLG11-05;17347;Господинци
199;BLG11-07;38666;Корница
200;BLG11-08;44416;Лъжница
201;BLG11-09;49432;Мосомище
203;BLG13-02;16763;Горно Дряново
204;BLG13-03;20331;Дебрен
205;BLG13-04;22616;Долно Дряново
206;BLG13-05;24267;Дъбница
207;BLG13-07;40138;Крушево
208;BLG13-08;47408;Марчево
209;BLG13-09;53326;Огняново
210;BLG13-10;53727;Ореше
211;BLG13-11;54184;Осиково
212;BLG13-12;62640;Рибново
213;BLG13-13;66874;Скребатно
214;BLG13-14;77222;Хвостяне
215;BLG28-01;16136;Горна Брезница
216;BLG28-02;22068;Долна Градешница
217;BLG28-05;67369;Сливница
219;BLG33-06;14091;Габрене
220;BLG33-07;14581;Гега
221;BLG33-09;22143;Долна Крушица
222;BLG33-10;22246;Долна Рибница
223;BLG33-11;22842;Долно Спанчево
224;BLG33-13;23563;Дрангово
225;BLG33-16;35081;Кавракирово
226;BLG33-17;35688;Камена
227;BLG33-18;36083;Капатово
228;BLG33-19;37349;Ключ
229;BLG33-20;37989;Коларово
230;BLG33-21;39935;Кромидово
231;BLG33-23;40539;Кулата
232;BLG33-24;40912;Кърналово
233;BLG33-25;47189;Марикостиново
234;BLG33-26;47247;Марино поле
235;BLG33-27;47799;Мендово
236;BLG33-28;48458;Митино
237;BLG33-29;48578;Михнево
238;BLG33-30;49312;Рупите
239;BLG33-31;52091;Ново Кономлади
240;BLG33-33;58390;Генерал Тодоров
241;BLG33-34;59077;Първомай
242;BLG33-35;62623;Рибник
243;BLG33-36;63542;Ръждак
244;BLG33-37;65293;Самуилово
245;BLG33-39;66901;Скрът
246;BLG33-40;69119;Старчево
247;BLG33-41;69941;Струмешница
248;BLG33-42;72744;Тополница
249;BLG33-44;81791;Чуричени
250;BLG33-45;81832;Чучулигово
251;BLG33-46;87134;Яворница
254;BLG37-03;15326;Годлево
255;BLG37-04;16754;Горно Драглище
256;BLG37-05;21748;Добърско
257;BLG37-06;22602;Долно Драглище
258;BLG37-07;27293;Елешница
259;BLG40-03;12200;Враня
260;BLG40-04;12471;Вълково
261;BLG40-08;20105;Дамяница
262;BLG40-10;20780;Джигурово
263;BLG40-13;35362;Калиманци
181;BLG03-03;04217;Бистрица
182;BLG03-05;07377;Българчево
194;BLG11-01;02600;Баничан
195;BLG11-02;05606;Борово
197;BLG11-04;07003;Буково
202;BLG13-01;02381;Балдево
218;BLG33-02;03294;Беласица
252;BLG37-01;02693;Баня
253;BLG37-02;02960;Бачево
264;BLG40-14;36693;Катунци
265;BLG40-19;43150;Ласкарево
266;BLG40-20;43181;Лебница
267;BLG40-21;43243;Левуново
268;BLG40-23;43565;Лешница
269;BLG40-24;43699;Лиляново
270;BLG40-28;47754;Мелник
271;BLG40-29;52074;Ново Делчево
272;BLG40-31;56174;Петрово
273;BLG40-33;56410;Пирин
274;BLG40-34;56839;Плоски
275;BLG40-35;57176;Поленица
276;BLG40-37;66785;Склаве
277;BLG40-38;68223;Спатово
278;BLG40-39;69938;Струма
279;BLG40-41;77361;Хотово
280;BLG40-42;77565;Хърсово
281;BLG40-44;87446;Яново
283;BLG42-02;10046;Ваклиново
284;BLG42-03;12499;Вълкосел
285;BLG42-04;15312;Годешево
286;BLG42-05;21868;Долен
287;BLG42-06;29372;Жижево
288;BLG42-07;39089;Кочан
289;BLG42-08;39726;Крибул
290;BLG42-09;54225;Осина
291;BLG42-10;56740;Плетена
292;BLG42-11;67270;Слащен
293;BLG42-12;73519;Туховища
294;BLG42-13;76203;Фъргово
296;BLG44-02;17405;Градево
297;BLG44-03;22753;Долно Осеново
298;BLG44-04;29146;Железница
299;BLG44-06;40052;Крупник
300;BLG44-07;57162;Полена
301;BLG44-08;57203;Полето
302;BLG44-11;81013;Черниче
303;BLG49-04;21467;Добри лаки
304;BLG49-05;23532;Драката
305;BLG49-06;32322;Игралище
306;BLG49-07;32665;Илинденци
307;BLG49-08;35818;Каменица
308;BLG49-12;49686;Микрево
309;BLG49-15;61772;Раздол
310;BLG49-17;78046;Цапарево
314;BLG52-06;38532;Копривлен
315;BLG52-09;52101;Ново Лески
316;BLG52-11;56109;Петрелик
317;BLG52-12;65108;Садово
318;BLG52-13;72268;Теплен
319;BLG52-14;72374;Тешово
323;BLG53-04;32603;Смолево
324;BLG53-05;38220;Конарско
325;BLG53-06;81850;Черна Места
326;BLG53-07;86101;Юруково
329;DOB03-03;18160;Гурково
330;DOB03-04;23769;Дропла
331;DOB03-05;24387;Дъбрава
332;DOB03-06;31245;Змеево
333;DOB03-07;39459;Кранево
334;DOB03-08;39623;Кремена
335;DOB03-09;44882;Ляхово
336;DOB03-10;48982;Царичино
337;DOB03-11;53120;Оброчище
338;DOB03-12;58270;Преспа
339;DOB03-13;62788;Рогачево
340;DOB03-14;66250;Сенокос
341;DOB03-15;67951;Соколово
342;DOB03-16;69643;Стражица
343;DOB03-17;73095;Тригорци
344;DOB03-19;78639;Църква
345;DOB12-04;10183;Василево
346;DOB12-08;18575;Горица
347;DOB12-09;24339;Дъбовик
348;DOB12-10;29444;Житен
349;DOB12-12;32467;Изворово
350;DOB12-13;34045;Йовково
351;DOB12-15;36467;Кардам
311;BLG52-01;00014;Абланица
312;BLG52-02;03976;Беслен
313;BLG52-03;04399;Блатска
320;BLG53-01;00059;Аврамово
321;BLG53-02;03561;Бел камен
322;BLG53-03;07822;Бунцево
327;DOB03-01;03174;Безводица
328;DOB03-02;04515;Бобовец
352;DOB12-18;39534;Красен
353;DOB12-19;40885;Къпиново
354;DOB12-21;44714;Люляково
355;DOB12-22;46351;Малина
356;DOB12-23;56040;Петлешково
357;DOB12-24;56509;Писарово
358;DOB12-26;58181;Преселенци
359;DOB12-27;58414;Присад
360;DOB12-28;58832;Пчеларово
361;DOB12-29;61159;Равнец
362;DOB12-30;62829;Рогозина
363;DOB12-32;63094;Росица
364;DOB12-35;67773;Снягово
365;DOB12-36;68196;Спасово
366;DOB12-40;81219;Чернооково
374;DOB15-09;10307;Ведрина
375;DOB15-10;11421;Владимирово
376;DOB15-11;11781;Воднянци
377;DOB15-17;21083;Победа
378;DOB15-19;21957;Долина
379;DOB15-20;22988;Дончево
380;DOB15-21;23128;Драганово
381;DOB15-23;27468;Енево
382;DOB15-24;29489;Житница
383;DOB15-26;35674;Камен
384;DOB15-27;36419;Карапелит
385;DOB15-28;37808;Козлодуйци
386;DOB15-29;39061;Котленци
387;DOB15-31;43431;Лясково
388;DOB15-32;43997;Ловчанци
389;DOB15-33;44272;Ломница
390;DOB15-36;47901;Методиево
391;DOB15-38;53210;Овчарово
392;DOB15-39;53432;Одринци
393;DOB15-40;53450;Одърци
394;DOB15-41;53597;Опанец
395;DOB15-43;55511;Паскалево
396;DOB15-44;56695;Плачидол
397;DOB15-45;57087;Подслон
398;DOB15-46;57279;Полковник Свещарово
399;DOB15-49;58880;Пчелино
400;DOB15-51;59402;Полковник Минково
401;DOB15-52;63063;Росеново
402;DOB15-53;65824;Свобода
403;DOB15-54;66946;Славеево
404;DOB15-55;67622;Смолница
405;DOB15-57;69198;Стефан Караджа
406;DOB15-58;69242;Стефаново
407;DOB15-59;69300;Стожер
408;DOB15-60;70812;Сливенци
409;DOB15-61;73818;Тянево
410;DOB15-62;76064;Фелдфебел Денково
411;DOB15-63;77284;Хитово
412;DOB15-64;78152;Царевец
413;DOB15-65;80769;Черна
416;DOB17-05;11003;Видно
417;DOB17-06;12173;Вранино
418;DOB17-12;62092;Раковски
419;DOB17-13;65543;Свети Никола
420;DOB17-14;66113;Селце
421;DOB17-15;66281;Септемврийци
422;DOB17-16;72693;Топола
425;DOB20-04;14043;Габер
426;DOB20-05;21470;Добрин
427;DOB20-06;27656;Ефрейтор Бакалово
428;DOB20-07;30185;Загорци
429;DOB20-08;36138;Капитан Димитрово
430;DOB20-09;38618;Коритен
431;DOB20-10;44104;Лозенец
432;DOB20-11;57234;Полковник Дяково
433;DOB20-13;65906;Северняк
434;DOB20-14;65913;Северци
435;DOB20-15;72196;Телериг
441;DOB27-07;14982;Главанци
442;DOB27-08;17590;Градница
443;DOB27-09;18191;Гуслар
444;DOB27-10;29035;Жегларци
370;DOB15-05;03860;Бенковски
371;DOB15-06;04580;Богдан
372;DOB15-07;05061;Божурово
373;DOB15-08;06104;Бранище
414;DOB17-01;03318;Белгун
415;DOB17-04;07257;Българево
423;DOB20-01;00031;Абрит
445;DOB27-11;31396;Зърнево
446;DOB27-12;35050;Каблешково
447;DOB27-13;37157;Кладенци
448;DOB27-14;38025;Коларци
449;DOB27-15;39127;Кочмар
450;DOB27-17;51812;Нова Камена
451;DOB27-19;53953;Орляк
452;DOB27-20;57265;Полковник Савово
453;DOB27-21;57563;Попгруево
454;DOB27-22;70617;Сърнец
455;DOB27-23;81270;Честименско
456;DOB29-02;10032;Ваклино
457;DOB29-05;17782;Граничар
458;DOB29-06;24102;Дуранкулак
459;DOB29-09;39493;Крапец
460;GAB05-04;12168;Враниловци
461;GAB05-05;14814;Гергини
462;GAB05-07;18215;Гъбене
463;GAB05-09;22959;Донино
464;GAB05-10;23159;Драгановци
465;GAB05-12;29547;Жълтеш
466;GAB05-21;49299;Музга
467;GAB05-22;51843;Новаковци
468;GAB05-23;57675;Поповци
469;GAB05-27;81904;Чарково
470;GAB05-28;87120;Яворец
471;GAB12-02;12677;Царева ливада
472;GAB12-03;14458;Ганчовец
473;GAB12-04;17350;Гостилица
474;GAB12-10;61529;Радовци
479;GAB29-07;16376;Горна Росица
480;GAB29-08;17542;Градище
481;GAB29-09;17587;Градница
482;GAB29-10;20119;Дамяново
483;GAB29-11;21628;Добромирка
484;GAB29-12;24178;Душево
485;GAB29-13;32336;Идилево
486;GAB29-15;38652;Кормянско
487;GAB29-16;39431;Крамолин
488;GAB29-17;40141;Крушево
489;GAB29-18;40275;Кръвеник
490;GAB29-19;43966;Ловнидол
491;GAB29-20;46509;Малки Вършец
492;GAB29-21;48670;Младен
493;GAB29-23;56037;Петко Славейков
494;GAB29-24;63673;Ряховците
495;GAB29-25;66216;Сенник
496;GAB29-26;69417;Стоките
497;GAB29-27;69451;Столът
498;GAB29-31;77253;Хирево
499;GAB29-32;83497;Шумата
501;GAB35-04;56719;Плачковци
505;HKV09-05;11644;Воден
506;HKV09-06;15792;Голямо Асеново
507;HKV09-07;17141;Горски извор
508;HKV09-08;21258;Длъгнево
509;HKV09-09;21539;Добрич
510;HKV09-10;22561;Долно Белево
511;HKV09-11;30658;Здравец
512;HKV09-12;31156;Златополе
513;HKV09-13;36573;Каснаково
514;HKV09-14;39668;Крепост
515;HKV09-15;39966;Крум
516;HKV09-16;46543;Малко Асеново
517;HKV09-17;47843;Меричлери
518;HKV09-18;61368;Радиево
519;HKV09-21;66831;Скобелево
520;HKV09-22;68669;Сталево
521;HKV09-23;69691;Странско
522;HKV09-24;76087;Върбица
523;HKV09-25;81092;Черногорово
524;HKV09-26;87076;Ябълково
527;HKV11-04;18054;Гугутка
437;DOB27-02;02405;Балик
438;DOB27-03;03215;Безмер
439;DOB27-04;04916;Божан
440;DOB27-05;05342;Бонево
475;GAB29-01;00103;Агатово
476;GAB29-02;02885;Батошево
478;GAB29-05;04555;Богатово
500;GAB29-33;07082;Буря
502;HKV09-01;04844;Бодрово
503;HKV09-02;06547;Брод
504;HKV09-03;06762;Бряст
528;HKV11-05;22705;Долно Луково
529;HKV11-07;29101;Железино
530;HKV11-09;37410;Кобилино
531;HKV11-10;38248;Кондово
532;HKV11-11;38317;Конници
533;HKV11-15;55748;Плевун
534;HKV11-16;56633;Планинец
535;HKV11-19;62935;Розино
536;HKV11-20;65704;Свирачи
537;HKV11-21;66932;Славеево
538;HKV11-23;80995;Черни рид
540;HKV11-25;59197;Пъстроок
542;HKV17-02;12560;Вълче поле
543;HKV17-03;14787;Георги Добрево
544;HKV17-04;34014;Йерусалимово
545;HKV17-05;44077;Лозен
546;HKV17-06;46574;Малко градище
547;HKV17-07;54033;Оряхово
549;HKV18-02;16496;Горни Главанак
550;HKV18-04;22375;Долни Главанак
551;HKV18-05;22856;Долно Съдиево
552;HKV18-07;31173;Златоустово
553;HKV18-09;63584;Ръженово
554;HKV18-10;66086;Селска поляна
555;HKV18-12;72792;Тополово
556;HKV18-13;63313;Румелия
560;HKV19-04;11106;Винево
561;HKV19-05;36325;Караманци
562;HKV19-06;38042;Колец
563;HKV19-07;66634;Сираково
564;HKV19-08;68237;Спахиево
565;HKV19-09;70250;Сусам
566;HKV19-10;70651;Сърница
567;HKV19-11;72103;Татарево
568;HKV28-01;14708;Генералово
569;HKV28-02;21078;Димитровче
570;HKV28-03;36110;Капитан Андреево
571;HKV28-04;43205;Левка
572;HKV28-05;48533;Михалич
573;HKV28-06;48698;Младиново
574;HKV28-07;48979;Момково
575;HKV28-08;49446;Мустрак
576;HKV28-09;59183;Пъстрогор
577;HKV28-10;61844;Райкова могила
578;HKV28-11;66370;Сива река
579;HKV28-12;67146;Сладун
580;HKV28-13;70055;Студена
581;HKV28-14;81116;Чернодъб
582;HKV28-16;47737;Мезек
583;HKV29-01;23964;Дряново
584;HKV29-02;35599;Калугерово
585;HKV29-03;38368;Константиново
586;HKV29-04;51010;Навъсен
587;HKV29-06;65721;Свирково
588;HKV29-07;73208;Троян
589;HKV29-08;73821;Тянево
590;HKV30-03;11692;Воденци
591;HKV30-04;11822;Войводенец
592;HKV30-06;15610;Голобрадово
593;HKV30-09;22770;Долно поле
594;HKV30-11;29550;Жълти бряг
597;HKV30-14;15093;Гледка
598;HKV30-15;15775;Голям извор
599;HKV30-16;22575;Долно Ботево
600;HKV30-17;22887;Долно Черковище
601;HKV30-18;30908;Зимовина
602;HKV30-19;44803;Лясковец
603;HKV30-20;57618;Поповец
604;HKV30-21;58815;Пчелари
605;HKV30-22;65629;Светослав
606;HKV30-23;73585;Тънково
607;HKV30-24;78094;Царева поляна
608;HKV30-25;39400;Кралево
609;HKV30-26;46070;Маджари
610;HKV30-27;46899;Малък извор
611;HKV30-28;59207;Пътниково
612;HKV30-29;61025;Рабово
539;HKV11-24;07733;Бялградец
541;HKV17-01;03544;Белица
548;HKV18-01;05503;Бориславци
557;HKV19-01;00446;Ангел войвода
558;HKV19-02;05983;Боян Ботево
559;HKV19-03;06803;Брястово
613;HKV30-30;66411;Силен
615;HKV32-03;24013;Капитан Петко войвода
616;HKV32-05;37407;Княжево
617;HKV32-06;49219;Мрамор
618;HKV32-07;53802;Орешник
619;HKV32-08;53895;Орлов дол
620;HKV32-11;61491;Радовец
621;HKV32-13;66487;Синапово
622;HKV32-14;68583;Срем
623;HKV32-15;75191;Устрем
624;HKV32-16;77325;Хлябово
629;HKV33-05;12810;Върбово
630;HKV33-06;23011;Доситеево
631;HKV33-08;32100;Иваново
632;HKV33-09;32487;Изворово
633;HKV33-12;51041;Надежден
634;HKV33-13;53237;Овчарово
635;HKV33-14;53775;Орешец
636;HKV33-16;57434;Поляново
637;HKV33-17;58244;Преславец
638;HKV33-18;62832;Рогозиново
639;HKV33-19;67101;Славяново
640;HKV33-20;67581;Смирненци
641;HKV33-21;80552;Черепово
642;HKV33-23;83377;Шишманово
645;HKV34-03;11867;Войводово
646;HKV34-04;12382;Въгларово
647;HKV34-05;14550;Гарваново
648;HKV34-06;15429;Големанци
649;HKV34-07;16729;Горно Войводино
650;HKV34-08;18232;Гълъбец
651;HKV34-09;21155;Динево
652;HKV34-10;22589;Долно Войводино
653;HKV34-11;24949;Долно Големанци
654;HKV34-12;27200;Елена
655;HKV34-13;31365;Зорница
656;HKV34-14;37321;Клокотница
657;HKV34-15;37383;Книжовник
658;HKV34-16;37770;Козлец
659;HKV34-17;38399;Конуш
660;HKV34-18;38580;Корен
661;HKV34-19;39863;Криво поле
662;HKV34-21;46293;Малево
663;HKV34-22;46992;Манастир
664;HKV34-23;47055;Мандра
665;HKV34-24;47442;Маслиново
666;HKV34-25;51682;Николово
667;HKV34-26;51891;Нова Надежда
668;HKV34-27;53936;Орлово
669;HKV34-28;57042;Подкрепа
670;HKV34-29;62880;Родопи
671;HKV34-30;68692;Стамболийски
672;HKV34-31;69359;Стойково
673;HKV34-32;72182;Текето
674;HKV34-33;72953;Тракиец
675;HKV34-34;75085;Узунджово
676;HKV34-35;83288;Широка поляна
677;JAM03-01;11658;Воден
678;JAM03-03;15881;Голямо Крушево
679;JAM03-10;46704;Малко Шарково
680;JAM03-11;46958;Мамарчево
681;JAM03-13;57652;Попово
682;JAM03-16;69208;Стефан Караджово
683;JAM03-18;83051;Шарково
685;JAM07-05;17748;Гранитово
686;JAM07-08;32576;Изгрев
687;JAM07-11;43459;Лесово
688;JAM07-12;46797;Маломирово
689;JAM07-13;46904;Малък манастир
690;JAM07-14;47768;Мелница
691;JAM07-15;58801;Пчела
692;JAM07-16;36909;Кирилово
693;JAM07-17;61738;Раздел
694;JAM07-18;29516;Жребино
695;JAM07-19;73328;Трънково
698;JAM22-04;11661;Воденичане
614;HKV32-01;07346;Българска поляна
625;HKV33-01;04128;Бисер
626;HKV33-02;05298;Болярски извор
627;HKV33-03;06080;Браница
628;HKV33-04;07315;Българин
643;HKV34-01;00326;Александрово
644;HKV34-02;06759;Брягово
699;JAM22-05;11908;Войника
700;JAM22-07;30898;Зимница
701;JAM22-09;32771;Иречеково
702;JAM22-10;35794;Каменец
703;JAM22-12;44118;Лозенец
704;JAM22-13;44666;Люлин
705;JAM22-16;55244;Палаузово
706;JAM22-19;59046;Първенец
707;JAM22-20;46303;Маленово
708;JAM22-21;20804;Джинот
709;JAM22-22;51384;Недялско
710;JAM22-23;57409;Поляна
711;JAM22-24;72076;Тамарино
712;JAM22-25;80220;Чарда
716;JAM25-06;10776;Веселиново
717;JAM25-07;14725;Генерал Тошево
718;JAM25-08;15789;Голям манастир
719;JAM25-09;18259;Гълъбинци
720;JAM25-10;23501;Дражево
721;JAM25-13;30096;Завой
722;JAM25-14;30956;Златари
723;JAM25-15;32740;Генерал Инзово
724;JAM25-16;35028;Кабиле
725;JAM25-17;35609;Калчево
726;JAM25-21;40018;Крумово
727;JAM25-22;40484;Кукорево
728;JAM25-23;46783;Маломир
729;JAM25-27;48787;Могила
730;JAM25-28;53299;Овчи кладенец
731;JAM25-29;53480;Окоп
732;JAM25-30;56873;Победа
733;JAM25-31;62757;Робово
734;JAM25-32;62921;Роза
735;JAM25-33;65036;Савино
736;JAM25-35;66737;Скалица
737;JAM25-36;67177;Сламино
738;JAM25-37;68878;Стара река
739;JAM25-38;72240;Тенево
740;JAM25-39;73657;Търнава
741;JAM25-40;77030;Хаджидимитрово
742;JAM25-41;77150;Ханово
743;JAM25-42;80217;Чарган
745;JAM25-44;36200;Каравелово
746;JAM25-45;37681;Козарево
747;JAM25-46;47562;Меден кладенец
748;JAM25-47;47682;Межда
749;JAM25-48;48101;Миладиновци
750;JAM25-49;66456;Симеоново
751;JAM25-50;80306;Челник
752;JAM25-51;38279;Коневец
753;KNL04-05;15457;Голям Върбовник
754;KNL04-06;15535;Големо село
755;KNL04-10;46262;Мала Фуча
756;KNL04-13;48711;Мламолово
758;KNL04-15;21974;Долистово
759;KNL04-16;38635;Коркина
760;KNL04-17;46824;Мало село
762;KNL05-08;67252;Слатино
763;KNL05-10;75174;Усойка
766;KNL27-06;49360;Мурсалево
767;KNL27-07;57830;Пороминово
768;KNL27-08;69261;Стоб
772;KNL29-06;14917;Гирчевци
773;KNL29-09;16198;Горна Гращица
774;KNL29-10;17680;Грамаждано
775;KNL29-11;17751;Граница
776;KNL29-12;18352;Гърляно
777;KNL29-13;18455;Гюешево
778;KNL29-14;20208;Дворище
779;KNL29-15;22071;Долна Гращица
780;KNL29-17;23282;Драговищица
781;KNL29-18;29026;Жабокрът
782;KNL29-19;29386;Жиленци
783;KNL29-22;38432;Коняво
784;KNL29-23;38474;Копиловци
785;KNL29-24;44183;Лозно
786;KNL29-27;48355;Вратца
787;KNL29-28;52026;Нови чифлик
697;JAM22-02;00816;Атолово
713;JAM25-02;03229;Безмер
714;JAM25-04;05863;Ботево
715;JAM25-05;05952;Бояджик
744;JAM25-43;05308;Болярско
757;KNL04-14;02049;Бабино
788;KNL29-30;52400;Николичевци
789;KNL29-31;56378;Пиперков чифлик
790;KNL29-34;61457;Радловци
791;KNL29-36;63536;Раждавица
792;KNL29-38;66891;Скриняно
793;KNL29-39;67461;Слокощица
794;KNL29-40;67790;Соволяно
795;KNL29-41;69167;Стенско
796;KNL29-42;72045;Таваличево
797;KNL29-43;73691;Търновлаг
798;KNL29-46;83354;Шишковци
799;KNL29-47;87062;Ябълково
800;KNL31-01;10050;Ваксево
801;KNL31-04;23827;Друмохар
802;KNL31-09;43709;Лиляч
803;KNL31-16;62284;Рашка Гращица
804;KNL31-21;81284;Четирци
805;KNL38-02;55539;Пастра
806;KNL38-04;67698;Смочево
807;KNL41-01;53254;Овчарци
808;KNL41-02;62520;Ресилово
809;KNL41-03;65379;Сапарево
813;KNL48-06;20763;Джерман
814;KNL48-09;39339;Крайници
815;KNL48-11;55230;Палатово
816;KNL48-12;56349;Пиперево
817;KNL48-13;65245;Самораново
818;KNL48-14;72758;Тополница
819;KNL48-15;80491;Червен брег
820;KNL48-16;87727;Яхиново
821;KNL48-17;24791;Дяково
826;KRZ02-05;15607;Голобрад
827;KRZ02-06;16910;Горно Прахово
828;KRZ02-07;18321;Гърбище
829;KRZ02-08;22784;Долно Прахово
830;KRZ02-09;27543;Еньовче
831;KRZ02-10;29605;Жълтуша
832;KRZ02-11;37085;Китница
833;KRZ02-12;39952;Кроячево
834;KRZ02-13;43270;Ленище
835;KRZ02-14;44584;Любино
836;KRZ02-15;73732;Търносливка
837;KRZ02-16;48756;Млечино
838;KRZ02-17;55124;Падина
839;KRZ02-18;58013;Правдолюб
840;KRZ02-19;63402;Русалско
841;KRZ02-20;65646;Светулка
842;KRZ02-21;66562;Синчец
843;KRZ02-23;70319;Сухово
844;KRZ02-24;70771;Седларци
845;KRZ02-25;77116;Брезен
846;KRZ02-26;54260;Рибарци
847;KRZ02-27;80176;Боровица
848;KRZ02-28;81596;Чубрика
849;KRZ02-29;77487;Хромица
850;KRZ02-30;87059;Ябълковец
851;KRZ02-31;80964;Чернигово
852;KRZ02-32;81921;Червена скала
853;KRZ02-33;44896;Левци
854;KRZ02-34;47809;Теменуга
856;KRZ02-36;73897;Търна
857;KRZ02-37;32946;Искра
858;KRZ02-38;24788;Дядовци
859;KRZ02-39;24880;Дедино
860;KRZ02-40;68597;Срънско
861;KRZ08-01;10389;Великденче
862;KRZ08-02;11689;Воденичарско
863;KRZ08-03;14647;Генерал Гешево
864;KRZ08-04;21525;Добринци
865;KRZ08-05;24195;Душинково
866;KRZ08-06;29180;Желъдово
867;KRZ08-07;37736;Козица
868;KRZ08-08;38371;Контил
869;KRZ08-09;48622;Мишевско
765;KNL27-03;07065;Бураново
769;KNL29-01;02138;Багренци
770;KNL29-02;03962;Берсин
771;KNL29-04;04796;Богослов
810;KNL48-01;02350;Баланово
811;KNL48-02;04220;Бистрица
812;KNL48-03;04354;Блатино
822;KRZ02-01;00864;Ахрянско
823;KRZ02-02;02991;Башево
825;KRZ02-04;07925;Богатино
870;KRZ08-10;55436;Папрат
871;KRZ08-11;56589;Плазище
872;KRZ08-12;57947;Поточе
873;KRZ08-13;58387;Припек
874;KRZ08-14;62654;Ридино
875;KRZ08-15;62846;Рогозче
876;KRZ08-16;67502;Слънчоглед
877;KRZ08-17;72211;Телчарка
878;KRZ08-18;73715;Търновци
879;KRZ08-19;75201;Устрен
880;KRZ08-20;78642;Църквица
881;KRZ08-21;80128;Чакалци
882;KRZ08-22;84019;Щерна
883;KRZ08-23;12468;Вълкович
884;KRZ08-24;32634;Илийско
885;KRZ08-25;35184;Казаците
886;KRZ08-26;40676;Купците
887;KRZ08-27;43178;Лебед
888;KRZ08-28;49268;Мрежичко
889;KRZ08-29;53271;Овчево
890;KRZ08-30;56976;Подвръх
891;KRZ08-31;57412;Полянец
892;KRZ08-32;70809;Сипец
893;KRZ08-33;66723;Скалина
894;KRZ08-34;68120;Софийци
895;KRZ08-35;62801;Рогозари
896;KRZ08-37;81935;Черешка
897;KRZ08-38;87388;Ямино
898;KRZ08-39;73804;Тютюнче
901;KRZ14-03;13055;Вълчанка
902;KRZ14-04;16821;Горно Къпиново
903;KRZ14-05;17138;Горски извор
904;KRZ14-06;17871;Гривяк
905;KRZ14-07;18558;Горно Кирково
906;KRZ14-08;20554;Делвино
907;KRZ14-09;20777;Джерово
908;KRZ14-10;21631;Добромирци
909;KRZ14-11;22678;Долно Къпиново
910;KRZ14-12;22928;Домище
911;KRZ14-13;23577;Дрангово
912;KRZ14-14;24743;Дюлица
913;KRZ14-15;30106;Завоя
914;KRZ14-16;30140;Загорски
915;KRZ14-17;36748;Каялоба
916;KRZ14-18;37071;Китна
917;KRZ14-19;39445;Кран
918;KRZ14-20;39877;Крилатица
919;KRZ14-21;40511;Кукуряк
920;KRZ14-22;40988;Кърчовско
921;KRZ14-23;44080;Лозенградци
922;KRZ14-24;46680;Малкоч
923;KRZ14-25;47531;Медевци
924;KRZ14-26;47891;Метличка
925;KRZ14-27;49480;Мъглене
926;KRZ14-28;53878;Орлица
927;KRZ14-29;54393;Островец
928;KRZ14-30;56808;Пловка
929;KRZ14-31;57039;Подкова
930;KRZ14-32;58178;Пресека
931;KRZ14-33;62236;Растник
932;KRZ14-34;65214;Самодива
933;KRZ14-35;65228;Самокитка
934;KRZ14-36;68577;Средско
935;KRZ14-37;68953;Старово
936;KRZ14-38;69482;Стоманци
937;KRZ14-39;69866;Стрижба
938;KRZ14-40;72463;Тихомир
939;KRZ14-41;76159;Фотиново
940;KRZ14-42;80090;Чакаларово
941;KRZ14-43;81493;Чичево
942;KRZ14-44;81565;Чорбаджийско
943;KRZ14-45;83449;Шопци
944;KRZ14-46;83538;Шумнатица
945;KRZ14-47;59063;Първица
948;KRZ14-50;23803;Дружинци
949;KRZ14-51;30675;Здравчец
950;KRZ14-52;47888;Метличина
951;KRZ14-53;48845;Могиляне
952;KRZ14-54;87415;Янино
953;KRZ14-55;20496;Дедец
954;KRZ14-56;23892;Дрянова глава
955;KRZ14-57;27591;Еровете
956;KRZ14-58;37767;Козлево
957;KRZ14-59;41174;Кремен
958;KRZ14-60;59054;Първенци
900;KRZ14-02;03825;Бенковски
959;KRZ14-61;68895;Старейшино
960;KRZ14-62;77092;Хаджийско
961;KRZ14-63;83226;Шипок
965;KRZ15-04;12190;Вранско
966;KRZ15-05;15713;Голяма Чинка
967;KRZ15-06;15727;Голям Девесил
968;KRZ15-07;15878;Голямо Каменяне
969;KRZ15-08;16287;Горна кула
970;KRZ15-10;17868;Гривка
971;KRZ15-11;18071;Гулийка
972;KRZ15-14;20403;Девесилово
973;KRZ15-15;20732;Джанка
974;KRZ15-16;22157;Долна кула
975;KRZ15-17;27036;Егрек
976;KRZ15-18;30538;Звънарка
977;KRZ15-19;36021;Кандилка
978;KRZ15-20;37558;Ковил
979;KRZ15-21;39565;Красино
980;KRZ15-22;40823;Къклица
981;KRZ15-23;43596;Лещарка
982;KRZ15-25;44344;Луличка
983;KRZ15-26;46601;Малко Каменяне
984;KRZ15-27;46872;Малък Девесил
985;KRZ15-28;47860;Метлика
986;KRZ15-29;49103;Морянци
987;KRZ15-30;53206;Овчари
988;KRZ15-31;55899;Перуника
989;KRZ15-32;57062;Подрумче
990;KRZ15-33;57248;Полковник Желязово
991;KRZ15-34;57950;Поточница
992;KRZ15-35;62617;Рибино
993;KRZ15-36;62774;Рогач
994;KRZ15-37;65190;Самовила
995;KRZ15-38;66545;Синигер
996;KRZ15-39;67297;Сливарка
997;KRZ15-40;68936;Стари чал
998;KRZ15-41;69688;Странджево
999;KRZ15-42;70104;Студен кладенец
1000;KRZ15-43;72429;Тинтява
1001;KRZ15-44;72610;Токачка
1002;KRZ15-45;55614;Пашинци
1003;KRZ15-46;77428;Храстово
1004;KRZ15-47;80145;Чал
1005;KRZ15-48;81027;Черничево
1006;KRZ15-49;81205;Чернооки
1008;KRZ15-51;24459;Дъждовник
1009;KRZ15-52;54821;Орех
1010;KRZ15-53;46471;Малка Чинка
1011;KRZ15-54;31142;Златолист
1012;KRZ15-55;62178;Раличево
1013;KRZ15-56;70559;Сърнак
1014;KRZ15-57;55751;Пелин
1015;KRZ15-58;18085;Гулия
1016;KRZ15-59;77267;Хисар
1018;KRZ15-61;36717;Качулка
1019;KRZ15-62;72730;Тополка
1020;KRZ15-64;66716;Скалак
1021;KRZ15-65;27680;Едрино
1022;KRZ15-66;35849;Каменка
1023;KRZ15-67;57933;Поточарка
1025;KRZ15-69;39058;Котлари
1026;KRZ15-71;63505;Ручей
1030;KRZ16-04;10358;Велешани
1031;KRZ16-05;11243;Висока поляна
1032;KRZ16-06;12053;Воловарци
1033;KRZ16-07;15216;Глухар
1034;KRZ16-08;16267;Горна крепост
1035;KRZ16-09;24462;Дъждовница
1036;KRZ16-10;27512;Енчец
1037;KRZ16-11;29407;Жинзифово
1038;KRZ16-12;30524;Звиница
1039;KRZ16-13;35540;Калоянци
1040;KRZ16-14;37438;Кобиляне
1041;KRZ16-15;38282;Конево
1042;KRZ16-16;38981;Костино
1043;KRZ16-17;41085;Кьосево
1044;KRZ16-18;46214;Македонци
1045;KRZ16-19;48074;Миладиново
1046;KRZ16-20;49120;Мост
1047;KRZ16-21;49343;Мургово
1048;KRZ16-22;51442;Ненково
962;KRZ15-01;00093;Аврен
964;KRZ15-03;06906;Бук
1007;KRZ15-50;04306;Благун
1049;KRZ16-23;53638;Опълченско
1050;KRZ16-24;54403;Островица
1051;KRZ16-25;55823;Пеньово
1052;KRZ16-26;55885;Перперек
1053;KRZ16-27;56928;Повет
1054;KRZ16-28;58342;Прилепци
1055;KRZ16-29;62195;Рани лист
1056;KRZ16-30;62445;Резбарци
1057;KRZ16-31;65975;Седловина
1058;KRZ16-32;66603;Сипей
1059;KRZ16-33;66740;Скалище
1060;KRZ16-34;66754;Скална глава
1061;KRZ16-35;68014;Солище
1062;KRZ16-37;69852;Стремци
1063;KRZ16-38;80594;Черешица
1064;KRZ16-39;81362;Чилик
1065;KRZ16-40;81462;Чифлик
1066;KRZ16-41;83315;Широко поле
1067;KRZ16-43;39342;Крайно село
1068;KRZ16-44;30466;Звезделина
1069;KRZ16-45;67982;Соколяне
1070;KRZ16-46;73136;Три могили
1071;KRZ16-47;78149;Царевец
1072;KRZ16-48;87672;Ястреб
1073;KRZ16-49;44700;Люляково
1082;KRZ16-58;11346;Вишеград
1083;KRZ16-59;15268;Гняздово
1084;KRZ16-60;18410;Гъсково
1085;KRZ16-61;21991;Долище
1086;KRZ16-62;22134;Долна крепост
1087;KRZ16-63;24445;Дъждино
1088;KRZ16-64;30260;Зайчино
1089;KRZ16-65;30475;Звезден
1090;KRZ16-66;30586;Звънче
1091;KRZ16-67;30747;Зелениково
1092;KRZ16-68;30867;Зимзелен
1093;KRZ16-69;32161;Иванци
1094;KRZ16-70;35403;Калинка
1095;KRZ16-71;35732;Каменарци
1096;KRZ16-72;37928;Кокиче
1097;KRZ16-73;37962;Кокошане
1098;KRZ16-74;39894;Крин
1099;KRZ16-75;40169;Крушевска
1100;KRZ16-76;49521;Мъдрец
1101;KRZ16-77;35136;Невестино
1102;KRZ16-78;53816;Орешница
1103;KRZ16-79;54479;Охлювец
1104;KRZ16-80;55422;Панчево
1105;KRZ16-81;55840;Пепелище
1106;KRZ16-82;56054;Петлино
1107;KRZ16-83;58623;Пропаст
1108;KRZ16-84;58997;Пъдарци
1109;KRZ16-85;63170;Рудина
1110;KRZ16-86;65512;Сватбаре
1111;KRZ16-87;65890;Севдалина
1112;KRZ16-88;66336;Сестринско
1113;KRZ16-89;66929;Скърбино
1114;KRZ16-90;68336;Срединка
1115;KRZ16-91;69612;Стражевци
1116;KRZ16-92;69715;Страхил войвода
1117;KRZ16-93;69849;Стремово
1118;KRZ16-94;80844;Черна скала
1119;KRZ16-95;81267;Черньовци
1120;KRZ16-96;87494;Яребица
1124;KRZ21-04;12293;Врело
1125;KRZ21-05;17186;Горско Дюлево
1126;KRZ21-06;17988;Груево
1127;KRZ21-07;18126;Гургулица
1128;KRZ21-08;20755;Джелепско
1129;KRZ21-09;30154;Загорско
1130;KRZ21-10;30452;Звездел
1131;KRZ21-11;36350;Карамфил
1132;KRZ21-12;38409;Конче
1133;KRZ21-13;43102;Лале
1134;KRZ21-14;51097;Нановица
1027;KRZ16-01;03006;Бащино
1028;KRZ16-02;03499;Бели пласт
1029;KRZ16-03;05205;Бойно
1074;KRZ16-50;00148;Айрово
1075;KRZ16-51;02124;Багра
1076;KRZ16-52;04409;Бленика
1078;KRZ16-54;05325;Болярци
1079;KRZ16-55;06567;Брош
1080;KRZ16-56;07658;Бяла поляна
1081;KRZ16-57;07764;Бялка
1135;KRZ21-15;51473;Неофит Бозвелиево
1136;KRZ21-16;56575;Пиявец
1137;KRZ21-17;58757;Птичар
1138;KRZ21-18;61063;Равен
1139;KRZ21-19;65098;Садовица
1140;KRZ21-20;65944;Седефче
1141;KRZ21-21;65961;Седлари
1142;KRZ21-22;66500;Синделци
1143;KRZ21-23;67882;Соколино
1144;KRZ21-24;80087;Чайка
1145;KRZ21-25;80131;Кременец
1146;KRZ21-26;81734;Чуково
1147;KRZ21-27;86030;Върхари
1148;KRZ21-28;24966;Девинци
1149;KRZ21-29;57892;Постник
1151;KRZ21-31;55169;Пазарци
1152;KRZ21-32;59361;Прогрес
1153;KRZ21-33;56767;Плешинци
1154;KRZ21-35;65797;Свобода
1155;KRZ21-38;62147;Ралица
1156;KRZ21-39;38697;Кос
1157;KRZ21-43;81517;Чобанка
1158;KRZ21-44;72134;Татул
1161;KRZ35-03;14221;Габрово
1162;KRZ35-04;20167;Даскалово
1163;KRZ35-05;23114;Драганово
1164;KRZ35-06;24774;Дядовско
1165;KRZ35-07;29132;Железник
1166;KRZ35-09;29461;Житница
1167;KRZ35-10;34117;Йончово
1168;KRZ35-11;36066;Каняк
1169;KRZ35-12;38176;Комунига
1170;KRZ35-13;44820;Лясково
1171;KRZ35-14;48307;Минзухар
1172;KRZ35-17;55395;Паничково
1173;KRZ35-18;55568;Патица
1174;KRZ35-19;55960;Петелово
1175;KRZ35-21;65841;Свободиново
1176;KRZ35-22;87165;Яворово
1181;KRZ35-27;10700;Верско
1182;KRZ35-28;11613;Водач
1183;KRZ35-29;11805;Вождово
1184;KRZ35-30;12423;Възел
1185;KRZ35-31;35047;Каблешково
1186;KRZ35-32;51994;Нови пазар
1187;KRZ35-33;58731;Пряпорец
1188;KRZ35-34;68415;Среднево
1189;KRZ35-35;69657;Стражница
1190;KRZ35-36;80830;Черна нива
1191;KRZ35-37;87103;Ябълчени
1192;LOV02-01;10567;Велчево
1193;LOV17-01;17244;Горско Сливово
1194;LOV17-02;40261;Крушуна
1199;LOV18-06;11452;Владиня
1200;LOV18-07;16002;Горан
1201;LOV18-08;16883;Горно Павликене
1202;LOV18-11;21823;Дойренци
1203;LOV18-14;34093;Йоглав
1204;LOV18-15;35198;Казачево
1205;LOV18-16;40837;Къкрина
1206;LOV18-18;43829;Лисец
1207;LOV18-19;46396;Малиново
1208;LOV18-21;58308;Пресяка
1209;LOV18-22;66799;Скобелево
1210;LOV18-23;67060;Славяни
1211;LOV18-24;67218;Слатина
1212;LOV18-26;67670;Смочан
1213;LOV18-28;69523;Радювене
1214;LOV18-30;75112;Умаревци
1215;LOV18-31;77311;Хлевене
1216;LOV18-32;80039;Чавдарци
1219;LOV19-03;20688;Дерманци
1220;LOV19-04;24236;Дъбен
1221;LOV19-05;36511;Карлуково
1222;LOV19-06;43058;Торос
1223;LOV19-07;56099;Петревене
1224;LOV19-09;63327;Румянцево
1225;LOV19-10;72552;Тодоричене
1226;LOV19-11;85010;Ъглен
1228;LOV33-04;14386;Галата
1123;KRZ21-03;04008;Биволяне
1150;KRZ21-30;00828;Ауста
1159;KRZ21-45;03258;Каменец
1177;KRZ35-23;02261;Бакалите
1178;KRZ35-24;05089;Божурци
1229;LOV33-05;15148;Глогово
1230;LOV33-06;15165;Гложене
1231;LOV33-07;15758;Голям извор
1232;LOV33-08;17419;Градежница
1233;LOV33-09;20996;Дивчовото
1234;LOV33-11;62579;Рибарица
1235;LOV33-12;80902;Черни Вит
1236;LOV33-13;10272;Васильово
1242;LOV34-06;12108;Врабево
1243;LOV34-07;15703;Голяма Желязна
1244;LOV34-08;16986;Горно трапе
1245;LOV34-09;18109;Гумощник
1246;LOV34-10;20300;Дебнево
1247;LOV34-12;24476;Дълбок дол
1248;LOV34-13;35290;Калейца
1249;LOV34-15;53707;Орешак
1250;LOV34-18;72309;Терзийско
1251;LOV34-19;80981;Черни Осъм
1252;LOV34-21;83212;Шипково
1253;LOV34-22;21590;Добродан
1254;LOV34-23;44241;Ломец
1255;LOV34-24;70500;Старо село
1256;LOV34-25;81476;Чифлик
1257;LOV36-03;35331;Каленик
1258;LOV36-04;36662;Катунец
1259;LOV36-05;36943;Кирчево
1260;LOV36-06;43325;Лесидрен
1261;LOV36-07;23060;Драгана
1262;LOV36-08;15552;Голец
1263;LOV36-09;48060;Микре
1264;LOV36-10;68076;Сопот
1267;LOV38-03;15655;Голяма Брестница
1268;LOV38-04;21381;Добревци
1269;LOV38-06;31098;Златна Панега
1270;LOV38-07;53730;Орешене
1271;LOV38-08;46886;Малък извор
1275;MON02-06;14297;Гаганица
1276;MON02-07;30301;Замфирово
1277;MON02-10;39044;Котеновци
1278;MON02-12;47723;Мездрея
1279;MON02-14;67221;Слатина
1280;MON02-16;87237;Ягодово
1281;MON04-03;11418;Владимирово
1282;MON04-04;17943;Громшин
1283;MON04-05;27557;Ерден
1284;MON04-07;43517;Лехчево
1285;MON04-08;46036;Мадан
1286;MON04-09;49607;Мърчево
1287;MON04-10;54496;Охрид
1289;MON04-12;37424;Кобиляк
1290;MON04-13;57844;Портитовци
1291;MON07-02;10255;Василовци
1292;MON07-03;22945;Дондуково
1293;MON07-06;37397;Княжева махала
1294;MON07-07;39743;Крива бара
1295;MON07-08;67564;Смирненски
1296;MON07-09;36957;Киселево
1298;MON11-03;16184;Септемврийци
1299;MON11-04;16639;Горни Цибър
1300;MON11-05;22530;Долни Цибър
1301;MON11-06;31053;Златия
1302;MON11-07;32295;Игнатово
1303;MON11-08;48859;Мокреш
1304;MON11-09;61707;Разград
1305;MON11-10;80933;Черни връх
1306;MON12-04;22747;Долно Озирово
1307;MON12-06;68179;Спанчевци
1308;MON14-04;15299;Говежда
1309;MON14-10;38488;Копиловци
1310;MON24-03;30291;Замфир
1311;MON24-04;37544;Ковачица
1312;MON24-07;68672;Сталийска махала
1313;MON24-09;72940;Трайково
1195;LOV18-01;00028;Абланица
1196;LOV18-02;00299;Александрово
1197;LOV18-03;02935;Баховица
1198;LOV18-05;07260;Българене
1217;LOV19-01;03143;Бежаново
1218;LOV19-02;03373;Беленци
1237;LOV33-14;07884;Бабинци
1238;LOV34-02;02448;Балканец
1240;LOV34-04;03558;Белиш
1241;LOV34-05;05445;Борима
1314;MON24-10;22695;Долно Линево
1315;MON24-11;21436;Добри дол
1316;MON24-12;67310;Сливата
1318;MON26-03;62222;Расово
1319;MON26-04;67386;Сливовик
1322;MON29-08;14180;Габровница
1323;MON29-10;21840;Доктор Йосифово
1324;MON29-16;51665;Николово
1325;MON29-18;67667;Смоляновци
1326;MON29-19;70024;Стубел
1327;MON29-20;70113;Студено буче
1328;MON29-21;17018;Горно Церовене
1329;MON29-24;11171;Вирове
1330;MON36-02;16239;Горна Ковачица
1331;MON36-07;58116;Превала
1332;MON36-08;47353;Мартиново
1333;MON36-09;29115;Железна
1335;MON36-11;16300;Горна Лука
1425;PAZ29-06;11154;Виноградец
1336;MON38-01;22873;Долно Церовене
1337;MON38-02;24551;Дългоделци
1338;MON38-03;38159;Комощица
1339;PAZ03-01;51874;Нова махала
1340;PAZ03-02;76162;Фотиново
1341;PAZ04-01;14163;Габровица
1342;PAZ04-02;15802;Голямо Белово
1343;PAZ04-03;24414;Дъбравите
1344;PAZ04-04;47812;Мененкьово
1345;PAZ04-05;48903;Момина клисура
1346;PAZ04-06;66319;Сестримо
1349;PAZ06-03;32888;Исперихово
1350;PAZ06-04;37705;Козарско
1351;PAZ06-05;61220;Равногор
1352;PAZ06-06;62973;Розово
1356;PAZ08-05;12989;Враненци
1357;PAZ08-06;17823;Грашево
1358;PAZ08-07;18527;Горна Дъбева
1359;PAZ08-08;23234;Драгиново
1360;PAZ08-09;41136;Кръстава
1361;PAZ08-11;55631;Пашови
1362;PAZ08-13;63687;Рохлева
1363;PAZ08-14;65534;Света Петка
1364;PAZ08-16;78272;Цветино
1365;PAZ08-17;81863;Чолакова
1366;PAZ08-18;86115;Юндола
1367;PAZ08-19;83421;Алендарова
1368;PAZ08-20;12334;Всемирци
1369;PAZ08-21;24325;Долна Дъбева
1370;PAZ08-22;36035;Кандови
1371;PAZ08-23;18513;Горна Биркова
1373;PAZ14-02;21172;Динката
1374;PAZ14-03;35571;Калугерово
1375;PAZ14-04;55275;Памидово
1376;PAZ14-05;78478;Церово
1377;PAZ14-06;84067;Щърково
1381;PAZ19-04;10505;Величково
1382;PAZ19-05;14619;Гелеменово
1383;PAZ19-06;15028;Главиница
1384;PAZ19-07;15271;Говедаре
1385;PAZ19-08;20362;Дебръщица
1386;PAZ19-09;21556;Добровница
1387;PAZ19-10;23457;Драгор
1388;PAZ19-11;30572;Звъничево
1389;PAZ19-12;32010;Ивайло
1390;PAZ19-13;39428;Крали Марко
1391;PAZ19-14;44879;Ляхово
1392;PAZ19-15;46749;Мало Конаре
1393;PAZ19-16;48444;Мирянци
1394;PAZ19-17;48876;Мокрище
1395;PAZ19-18;53285;Овчеполци
1396;PAZ19-19;53335;Огняново
1397;PAZ19-20;55556;Паталеница
1398;PAZ19-21;56561;Пищигово
1399;PAZ19-22;63032;Росен
1400;PAZ19-23;65437;Сарая
1401;PAZ19-24;65468;Сбор
1273;MON02-04;05654;Боровци
1274;MON02-05;07510;Бързия
1288;MON04-11;03397;Бели брод
1297;MON07-10;06971;Буковец
1317;MON26-01;00792;Аспарухово
1320;MON29-03;03736;Долно Белотинци
1321;MON29-04;04251;Благово
1334;MON36-10;03469;Белимел
1402;PAZ19-25;66559;Синитово
1403;PAZ19-26;72713;Тополи дол
1404;PAZ19-27;77061;Хаджиево
1405;PAZ19-28;78056;Цар Асен
1406;PAZ19-29;78570;Црънча
1407;PAZ19-30;81089;Черногорово
1408;PAZ19-31;86074;Юнаците
1411;PAZ20-03;22681;Левски
1412;PAZ20-04;27406;Елшица
1413;PAZ20-05;53103;Оборище
1414;PAZ20-06;57128;Поибрене
1415;PAZ20-07;57580;Попинци
1416;PAZ20-08;59375;Панагюрски колонии
1417;PAZ21-01;36124;Капитан Димитриево
1418;PAZ21-02;61371;Радилово
1419;PAZ24-01;23008;Дорково
1420;PAZ24-02;38844;Костандово
1422;PAZ29-03;10104;Варвара
1423;PAZ29-04;10820;Ветрен
1424;PAZ29-05;10851;Ветрен дол
1426;PAZ29-08;31214;Злокучене
1427;PAZ29-09;36172;Карабунар
1428;PAZ29-10;37491;Ковачево
1429;PAZ29-11;44053;Лозен
1430;PAZ29-12;66202;Семчиново
1431;PAZ29-13;66439;Симеоновец
1432;PAZ29-14;67009;Славовица
1434;PAZ32-02;24726;Дюлево
1435;PAZ32-03;65807;Свобода
1436;PAZ32-04;67516;Смилец
1437;PAZ39-02;47559;Медени поляни
1438;PAZ39-03;59224;Побит камък
1440;PDV01-07;31108;Златовръх
1441;PDV01-08;32341;Избеглии
1442;PDV01-10;37633;Козаново
1443;PDV01-11;38385;Конуш
1444;PDV01-13;49309;Мулдава
1445;PDV01-14;51127;Нареченски бани
1446;PDV01-18;69273;Стоево
1447;PDV01-19;72789;Тополово
1448;PDV01-21;80437;Червен
1449;PDV01-22;43298;Леново
1450;PDV01-24;32398;Нови извор
1452;PDV07-03;12680;Върбен
1453;PDV07-05;30750;Зелениково
1454;PDV07-06;31160;Златосел
1455;PDV07-08;58983;Пъдарско
1456;PDV07-10;65526;Свежен
1457;PDV07-11;69818;Стрелци
1458;PDV07-12;70593;Сърнегор
1459;PDV07-15;81975;Чоба
1460;PDV07-16;73794;Тюркмен
1461;PDV07-17;62966;Розовец
1462;PDV07-18;23580;Дрангово
1463;PDV07-19;54451;Отец Кирилово
1465;PDV12-02;14996;Главатар
1466;PDV12-03;16328;Горна махала
1467;PDV12-05;24000;Дуванлии
1468;PDV12-06;24582;Дълго поле
1469;PDV12-07;29475;Житница
1470;PDV12-09;54465;Отец Паисиево
1471;PDV12-10;55926;Песнопой
1472;PDV12-11;63553;Ръжево
1473;PDV12-12;63567;Ръжево Конаре
1474;PDV12-13;81133;Черноземен
1475;PDV12-14;22191;Долна махала
1476;PDV12-15;32038;Иван Вазово
1477;PDV12-16;70353;Сухозем
1481;PDV13-04;10207;Васил Левски
1482;PDV13-05;10291;Ведраре
1483;PDV13-06;12005;Войнягово
1484;PDV13-07;16513;Горни Домлян
1485;PDV13-08;22931;Домлян
1486;PDV13-09;24241;Дъбене
1354;PAZ08-02;07836;Биркова
1355;PAZ08-04;07867;Бутрева
1372;PAZ14-01;05459;Боримечково
1379;PAZ19-02;00571;Априлци
1380;PAZ19-03;06149;Братаница
1409;PAZ20-01;02717;Баня
1410;PAZ20-02;07572;Бъта
1421;PAZ29-02;05949;Бошуля
1487;PDV13-10;32226;Иганово
1488;PDV13-11;35496;Калофер
1489;PDV13-12;36186;Каравелово
1490;PDV13-13;37229;Климент
1491;PDV13-14;37277;Клисура
1492;PDV13-16;40939;Кърнаре
1493;PDV13-21;58616;Пролом
1494;PDV13-22;62949;Розино
1495;PDV13-23;67235;Слатина
1496;PDV13-24;67903;Соколица
1497;PDV13-26;69420;Столетово
1498;PDV13-27;77462;Христо Даново
1499;PDV13-29;55676;Певците
1500;PDV13-30;49117;Московец
1501;PDV13-31;40703;Куртово
1503;PDV15-02;23950;Дряново
1505;PDV17-02;11845;Войводиново
1506;PDV17-03;12019;Войсил
1507;PDV17-04;17806;Граф Игнатиево
1508;PDV17-05;21169;Динк
1509;PDV17-07;35300;Калековец
1510;PDV17-08;38950;Костиево
1511;PDV17-09;39918;Крислово
1512;PDV17-10;47086;Маноле
1513;PDV17-11;47113;Манолско Конаре
1514;PDV17-12;61412;Радиново
1515;PDV17-13;62858;Рогош
1516;PDV17-14;66915;Скутаре
1517;PDV17-15;69874;Строево
1518;PDV17-16;73122;Трилистник
1519;PDV17-17;73242;Труд
1520;PDV17-18;78080;Царацово
1521;PDV17-19;87669;Ясно поле
1522;PDV17-20;29235;Желязно
1525;PDV23-03;11123;Виница
1526;PDV23-04;11627;Воден
1527;PDV23-05;17484;Градина
1528;PDV23-08;24493;Дълбок извор
1529;PDV23-09;27139;Езерово
1530;PDV23-11;32826;Искра
1531;PDV23-12;36230;Караджалово
1532;PDV23-13;40155;Крушево
1533;PDV23-15;56335;Буково
1534;PDV23-17;58089;Православен
1535;PDV23-18;72093;Татарево
1537;PDV25-03;48948;Момино село
1538;PDV25-04;70010;Стряма
1539;PDV25-05;80162;Чалъкови
1540;PDV25-06;83380;Шишманци
1546;PDV26-09;31036;Златитрап
1547;PDV26-12;35095;Кадиево
1548;PDV26-14;40004;Крумово
1549;PDV26-18;47295;Марково
1550;PDV26-21;53833;Оризари
1551;PDV26-23;59032;Първенец
1552;PDV26-28;75188;Устина
1553;PDV26-29;77373;Храбрино
1554;PDV26-30;78029;Цалапица
1555;PDV26-33;87240;Ягодово
1558;PDV28-04;36244;Караджово
1559;PDV28-05;36676;Катуница
1560;PDV28-06;39102;Кочево
1561;PDV28-07;48152;Милево
1562;PDV28-09;57621;Поповица
1563;PDV28-10;66127;Селци
1564;PDV28-11;81342;Чешнегирово
1566;PDV28-13;48965;Моминско
1567;PDV33-01;15970;Голям чардак
1568;PDV33-02;23426;Драгомир
1569;PDV33-04;46944;Малък чардак
1570;PDV33-05;51069;Найден Герово
1571;PDV33-07;58058;Правище
1572;PDV33-08;78171;Царимир
1573;PDV33-09;44481;Любен
1574;PDV33-10;51305;Неделево
1575;PDV33-11;78392;Церетелево
1577;PDV37-02;39579;Красново
1578;PDV37-03;40333;Кръстевич
1451;PDV07-02;05356;Борец
1464;PDV12-01;03085;Бегово
1478;PDV13-01;02720;Баня
1479;PDV13-02;03109;Бегунци
1480;PDV13-03;04563;Богдан
1502;PDV15-01;03530;Белица
1504;PDV17-01;03839;Бенковски
1579;PDV37-04;46752;Мало Крушево
1580;PDV37-05;48564;Михилци
1581;PDV37-08;55378;Паничери
1582;PDV37-09;68967;Старо Железаре
1583;PDV37-10;69016;Старосел
1584;PDV37-11;81030;Черничево
1585;PDV37-12;52088;Ново Железаре
1586;PDV41-01;34028;Йоаким Груево
1587;PDV41-02;40717;Куртово Конаре
1588;PDV41-03;52221;Ново село
1589;PDV41-04;73081;Триводици
1590;PDV42-01;18277;Гълъбово
1591;PDV42-02;63238;Руен
1594;PER08-07;14893;Гигинци
1595;PER08-15;52324;Ноевци
1596;PER08-16;22263;Долна Секирна
1597;PER08-17;39150;Кошарево
1598;PER08-18;10548;Велковци
1599;PER08-19;67163;Слаковци
1600;PER19-14;56280;Пещера
1601;PER22-01;35434;Калище
1602;PER22-02;66648;Сирищник
1603;PER22-04;43918;Лобош
1604;PER22-08;27043;Егълница
1606;PER32-05;15504;Големо Бучино
1607;PER32-06;20986;Дивотино
1608;PER32-07;23251;Драгичево
1609;PER32-09;37174;Кладница
1610;PER32-10;39387;Кралев дол
1611;PER32-11;43428;Лесковец
1612;PER32-12;44656;Люлин
1613;PER32-13;48037;Мещица
1614;PER32-16;63152;Рударци
1615;PER32-17;70038;Студена
1616;PER32-18;72223;Батановци
1617;PER32-20;87480;Ярджиловци
1618;PER32-21;66072;Селищен дол
1619;PER32-22;62219;Расник
1620;PER32-23;81952;Черна гора
1621;PER32-25;55871;Перник
1622;PER32-26;11288;Витановци
1623;PER32-27;55871;Перник
1624;PER32-28;55871;Перник
1625;PER32-29;55871;Перник
1626;PER36-04;11404;Владимир
1627;PER36-05;16208;Горна Диканя
1628;PER36-07;20256;Дебели лаг
1629;PER36-08;22085;Долна Диканя
1630;PER36-10;23649;Дрен
1631;PER36-11;24832;Друган
1632;PER36-14;32384;Извор
1633;PER36-23;58311;Прибой
1634;PER36-24;69064;Старо село
1635;PER36-25;69239;Стефаново
1636;PER36-26;18263;Гълъбник
1637;PER36-27;22490;Долни Раковец
1638;PER36-28;41232;Кленовик
1639;PER36-29;38460;Копаница
1640;PER36-30;38265;Кондофрей
1641;PER51-25;73479;Туроковци
1642;PER51-26;76114;Филиповци
1644;PVN03-02;20537;Деков
1645;PVN03-03;40573;Кулина вода
1646;PVN03-04;56085;Петокладенци
1647;PVN03-05;72117;Татари
1649;PVN08-02;14876;Гиген
1650;PVN08-03;14888;Искър
1651;PVN08-04;22335;Долни Вит
1652;PVN08-05;24308;Дъбован
1653;PVN08-06;30199;Загражден
1654;PVN08-08;43284;Ленково
1655;PVN08-09;48204;Милковица
1536;PDV25-01;03620;Белозем
1541;PDV25-07;05270;Болярино
1542;PDV26-01;03304;Белащица
1543;PDV26-03;06077;Браниполе
1544;PDV26-04;06447;Брестник
1545;PDV26-05;06505;Брестовица
1556;PDV28-02;04594;Богданица
1557;PDV28-03;05339;Болярци
1565;PDV28-12;00847;Ахматово
1592;PDV43-01;00480;Анево
1593;PER08-04;03099;Бегуновци
1656;PVN08-10;68045;Сомовит
1657;PVN08-11;39712;Крета
1658;PVN08-12;83394;Шияково
1663;PVN10-05;16345;Горна Митрополия
1664;PVN10-07;38145;Комарево
1665;PVN10-08;40195;Крушовене
1666;PVN10-09;53655;Ореховица
1667;PVN10-10;56865;Победа
1668;PVN10-11;57025;Подем
1669;PVN10-12;62596;Рибен
1670;PVN10-13;67012;Славовица
1671;PVN10-14;68607;Ставерци
1672;PVN10-15;73359;Тръстеник
1673;PVN10-16;17364;Гостиля
1675;PVN11-02;16537;Горни Дъбник
1676;PVN11-03;17470;Градина
1677;PVN11-04;40213;Крушовица
1678;PVN11-05;56201;Петърница
1679;PVN11-06;65070;Садовец
1683;PVN16-06;17556;Градище
1684;PVN16-07;32531;Изгрев
1685;PVN16-08;37647;Козар Белене
1686;PVN16-09;46841;Малчика
1687;PVN16-10;53089;Обнова
1688;PVN16-11;69153;Стежерово
1689;PVN16-12;73345;Трънчовица
1691;PVN21-03;12365;Въбел
1692;PVN21-04;20314;Дебово
1693;PVN21-05;23193;Драгаш войвода
1694;PVN21-10;49415;Муселиево
1695;PVN21-11;51932;Новачене
1696;PVN21-12;65320;Санадиново
1697;PVN21-13;80697;Черковица
1698;PVN21-14;44152;Лозица
1699;PVN21-15;44536;Любеново
1701;PVN23-01;22438;Долни Луковит
1702;PVN23-02;56493;Писарово
1703;PVN23-03;69095;Староселци
1709;PVN24-06;12752;Върбица
1710;PVN24-07;17258;Горталово
1711;PVN24-08;17854;Гривица
1712;PVN24-09;24935;Дисевица
1713;PVN24-10;37856;Коиловци
1714;PVN24-12;41037;Къшин
1715;PVN24-14;47963;Мечка
1716;PVN24-15;51620;Николаево
1717;PVN24-16;53583;Опанец
1718;PVN24-17;55765;Пелишат
1719;PVN24-18;61426;Радишево
1720;PVN24-19;62116;Ралево
1721;PVN24-20;67088;Славяново
1722;PVN24-21;72566;Тодорово
1723;PVN24-22;73523;Тученица
1724;PVN24-23;73674;Търнене
1725;PVN24-24;87597;Ясен
1727;PVN27-02;12601;Вълчитрън
1728;PVN27-03;30590;Згалево
1729;PVN27-04;35780;Каменец
1730;PVN27-06;53446;Одърне
1731;PVN27-07;72881;Тотлебен
1733;PVN37-02;14934;Глава
1734;PVN37-03;16540;Горник
1735;PVN37-04;20383;Девенци
1736;PVN37-05;37863;Койнаре
1737;PVN37-06;43311;Лепица
1738;PVN37-07;61580;Радомирци
1739;PVN37-08;61950;Ракита
1740;PVN37-09;62503;Реселец
1741;PVN37-10;63361;Рупци
1742;PVN37-11;70281;Сухаче
1743;PVN37-12;72206;Телиш
1744;PVN37-13;81551;Чомаковци
1746;PVN39-02;27509;Еница
1747;PVN39-03;43044;Лазарово
1749;RAZ11-02;10714;Веселец
1750;RAZ11-03;32192;Иван Шишманово
1751;RAZ11-04;54417;Острово
1752;RAZ11-05;58147;Прелез
1753;RAZ11-06;70384;Сушево
1648;PVN08-01;06402;Брест
1659;PVN10-01;02227;Байкал
1660;PVN10-02;03993;Биволаре
1662;PVN10-04;06210;Брегаре
1674;PVN11-01;07524;Бъркач
1680;PVN16-01;00761;Асеновци
1756;RAZ14-03;10015;Вазово
1757;RAZ14-04;15953;Голям Поровец
1758;RAZ14-05;20609;Делчево
1759;RAZ14-06;24116;Лудогорци
1760;RAZ14-07;24150;Духовец
1761;RAZ14-08;24921;Драгомъж
1762;RAZ14-09;34103;Йонково
1763;RAZ14-10;37010;Китанчево
1764;RAZ14-12;40899;Къпиновци
1765;RAZ14-13;44358;Лъвино
1766;RAZ14-14;46913;Малък Поровец
1767;RAZ14-15;56232;Печеница
1768;RAZ14-16;56945;Подайва
1769;RAZ14-17;61875;Райнино
1770;RAZ14-18;65650;Свещари
1771;RAZ14-19;68552;Средоселци
1772;RAZ14-20;69047;Старо селище
1773;RAZ14-21;72578;Тодорово
1774;RAZ14-22;87285;Яким Груево
1775;RAZ14-23;50512;Малко Йонково
1779;RAZ16-04;16105;Горичево
1780;RAZ16-05;30212;Задруга
1781;RAZ16-06;30541;Звънарци
1782;RAZ16-07;47617;Медовене
1783;RAZ16-08;49518;Мъдрево
1784;RAZ16-09;65022;Савин
1785;RAZ16-10;65886;Севар
1786;RAZ16-11;66295;Сеслав
1787;RAZ16-12;72337;Тертер
1788;RAZ16-14;72895;Точилари
1789;RAZ16-16;86091;Юпер
1790;RAZ16-17;35897;Каменово
1791;RAZ16-18;61203;Равно
1792;RAZ17-02;10759;Веселина
1793;RAZ17-04;17066;Гороцвет
1794;RAZ17-05;17498;Градина
1795;RAZ17-07;24092;Бели Лом
1796;RAZ17-08;35715;Каменар
1797;RAZ17-10;39949;Крояч
1798;RAZ17-12;44937;Ловско
1799;RAZ17-14;47038;Манастирско
1800;RAZ17-15;47041;Манастирци
1801;RAZ17-21;65992;Сейдол
1802;RAZ17-22;66593;Синя вода
1803;RAZ17-23;70069;Студенец
1804;RAZ17-25;73002;Трапище
1805;RAZ17-26;73262;Тръбач
1806;RAZ17-27;81619;Чудомир
1809;RAZ26-03;18589;Гецово
1810;RAZ26-04;23902;Дряновец
1811;RAZ26-05;24829;Дянково
1812;RAZ26-06;37109;Киченица
1813;RAZ26-07;43760;Липник
1814;RAZ26-08;49093;Мортагоново
1815;RAZ26-09;51353;Недоклан
1816;RAZ26-10;54105;Осенец
1817;RAZ26-11;56890;Побит камък
1818;RAZ26-12;59416;Пороище
1819;RAZ26-13;61385;Радинград
1820;RAZ26-14;62089;Раковски
1821;RAZ26-15;70860;Стражец
1822;RAZ26-16;75246;Ушинци
1823;RAZ26-18;87624;Ясеновец
1824;RAZ26-19;72850;Топчии
1825;RAZ26-20;58668;Просторно
1828;RAZ29-03;11449;Владимировци
1829;RAZ29-04;15669;Голяма вода
1830;RAZ29-05;15761;Голям извор
1831;RAZ29-06;29218;Желязковец
1832;RAZ29-07;30630;Здравец
1833;RAZ29-09;39815;Кривица
1834;RAZ29-10;52341;Ножарово
1690;PVN21-02;02957;Бацова махала
1700;PVN21-16;00744;Асеново
1704;PVN24-01;03068;Беглеж
1705;PVN24-02;05921;Бохот
1706;PVN24-03;06495;Брестовец
1707;PVN24-04;06690;Бръшляница
1708;PVN24-05;06999;Буковлък
1726;PVN27-01;05493;Борислав
1732;PVN37-01;06433;Бресте
1745;PVN39-01;06375;Бреница
1754;RAZ14-01;03472;Белинци
1755;RAZ14-02;07452;Бърдоква
1835;RAZ29-11;58877;Пчелина
1836;RAZ29-12;77517;Хума
1837;RAZ29-13;77579;Хърсово
1838;RAZ36-01;27156;Езерче
1839;RAZ36-02;38830;Костанденец
1841;RSE03-03;12067;Волово
1842;RSE03-04;16674;Горно Абланово
1843;RSE03-05;27173;Екзарх Йосиф
1844;RSE03-06;53117;Обретеник
1847;RSE04-05;23916;Дряновец
1848;RSE04-06;38529;Копривец
1849;RSE04-09;57368;Полско Косово
1853;RSE04-13;55720;Пейчиново
1854;RSE04-14;70130;Стърмен
1855;RSE05-02;15151;Глоджево
1856;RSE05-04;39832;Кривня
1857;RSE05-05;56441;Писанец
1858;RSE05-08;66229;Сеново
1859;RSE05-09;67578;Смирненски
1863;RSE08-05;36364;Каран Върбовка
1864;RSE08-06;36703;Кацелово
1865;RSE08-08;57488;Помен
1866;RSE08-09;81373;Чилнов
1867;RSE08-10;30380;Могилино
1868;RSE08-11;54362;Острица
1869;RSE13-02;39205;Кошов
1870;RSE13-03;39520;Красен
1871;RSE13-04;47977;Мечка
1872;RSE13-06;56397;Пиргово
1873;RSE13-08;73362;Тръстеник
1874;RSE13-10;84049;Щръклево
1875;RSE13-11;80443;Червен
1876;RSE13-12;65509;Сваленик
1878;RSE27-02;22558;Долно Абланово
1879;RSE27-03;47336;Мартен
1880;RSE27-04;51679;Николово
1881;RSE27-05;52235;Ново село
1882;RSE27-06;58637;Просена
1883;RSE27-07;66158;Семерджиево
1884;RSE27-08;77342;Хотанца
1885;RSE27-09;80460;Червена вода
1886;RSE27-11;65348;Сандрово
1887;RSE27-12;72357;Тетово
1888;RSE27-13;87700;Ястребово
1893;RSE33-04;15829;Голямо Враново
1894;RSE33-05;39178;Кошарна
1895;RSE33-06;46560;Малко Враново
1896;RSE33-07;63668;Ряхово
1897;RSE33-09;68713;Стамболово
1898;RSE33-10;86026;Юделник
1901;RSE37-04;22277;Долна Студена
1902;RSE37-05;36316;Караманово
1903;RSE37-06;39788;Кривина
1904;RSE37-07;51977;Новград
1905;RSE37-08;56366;Пиперково
1906;RSE37-09;20849;Джулюница
1907;SFO06-01;18174;Гурмазово
1908;SFO06-03;57100;Пожарево
1909;SFO06-04;58606;Пролеша
1910;SFO06-06;77246;Хераково
1911;SFO06-07;77400;Храбърско
1912;SFO07-02;12283;Врачеш
1913;SFO07-03;18143;Гурково
1914;SFO07-07;43904;Литаково
1915;SFO07-08;51946;Новачене
1916;SFO07-09;61594;Радотина
1917;SFO07-11;66860;Скравена
1918;SFO07-12;73256;Трудовец
1919;SFO09-02;14903;Гинци
1920;SFO09-08;83466;Шума
1924;SFO10-04;14338;Гайтанево
1925;SFO10-05;16794;Горно Камарци
1926;SFO10-06;22174;Долна Малина
1927;SFO10-07;22647;Долно Камарци
1928;SFO10-08;46231;Макоцево
1929;SFO10-09;51281;Негушево
1778;RAZ16-03;05058;Божурово
1807;RAZ26-01;02467;Балкански
1808;RAZ26-02;04296;Благоево
1826;RAZ29-01;04666;Богданци
1827;RAZ29-02;04741;Богомилци
1840;RSE03-01;02854;Батин
1845;RSE03-07;06519;Брестовица
1846;RSE04-03;05743;Босилковци
1930;SFO10-10;54287;Осоица
1931;SFO10-11;65419;Саранци
1932;SFO10-12;70127;Стъргел
1933;SFO10-13;80282;Чеканчево
1934;SFO16-04;14034;Габер
1935;SFO16-05;15518;Големо Малово
1936;SFO16-08;35479;Калотина
1937;SFO16-15;78255;Цацаровци
1938;SFO17-02;14074;Габра
1939;SFO17-03;15432;Голема Раковица
1940;SFO17-04;17885;Григорево
1941;SFO17-05;18490;Елин Пелин
1942;SFO17-06;21779;Доганово
1943;SFO17-07;34120;Елешница
1944;SFO17-09;43445;Лесново
1945;SFO17-10;49388;Мусачево
1946;SFO17-11;52012;Нови хан
1947;SFO17-12;53343;Огняново
1948;SFO17-13;56006;Петково
1949;SFO17-15;61248;Равно поле
1950;SFO17-16;69448;Столник
1951;SFO17-17;81760;Чурек
1953;SFO18-03;44313;Лопян
1954;SFO18-04;44389;Лъга
1955;SFO18-05;49641;Малки Искър
1956;SFO18-07;62582;Рибарица
1957;SFO18-08;87391;Ямна
1959;SFO20-06;10029;Вакарел
1960;SFO20-08;10690;Веринско
1961;SFO20-09;29338;Живково
1962;SFO20-11;48369;Мирово
1963;SFO20-14;57443;Полянци
1964;SFO20-16;81253;Черньово
1965;SFO25-01;18561;Горна Василица
1966;SFO25-02;38916;Костенец
1967;SFO25-04;58863;Пчелин
1968;SFO25-05;50245;Момин проход
1971;SFO26-04;15984;Голяновци
1972;SFO26-05;17449;Градец
1973;SFO26-06;23296;Драговищица
1974;SFO26-08;53607;Опицвет
1975;SFO26-09;56215;Петърч
1976;SFO26-10;81356;Чибаовци
1977;SFO34-01;11020;Видраре
1978;SFO34-02;20897;Джурово
1979;SFO34-03;35585;Калугерово
1980;SFO34-04;46961;Манаселска река
1981;SFO34-05;54170;Осиковица
1982;SFO34-06;54211;Осиковска Лакавица
1983;SFO34-08;61189;Равнище
1984;SFO34-09;61807;Разлив
1988;SFO39-04;15285;Говедарци
1989;SFO39-05;16599;Горни Окол
1990;SFO39-06;18201;Гуцал
1991;SFO39-09;23039;Доспей
1992;SFO39-10;23491;Драгушиново
1993;SFO39-11;31228;Злокучене
1994;SFO39-12;37294;Клисура
1995;SFO39-13;37527;Ковачевци
1996;SFO39-14;46067;Маджаре
1997;SFO39-15;46276;Мала църква
1998;SFO39-16;47264;Марица
1999;SFO39-18;57697;Поповяне
2000;SFO39-19;58548;Продановци
2001;SFO39-20;61604;Радуил
2002;SFO39-21;61922;Райово
2003;SFO39-22;62486;Рельово
2004;SFO39-23;83243;Шипочане
2005;SFO39-24;83291;Широки дол
2006;SFO39-25;87552;Ярлово
2008;SFO43-06;11510;Владо Тричков
1860;RSE08-01;02587;Баниска
1861;RSE08-02;02868;Батишница
1862;RSE08-03;07212;Бъзовец
1877;RSE27-01;02796;Басарбово
1889;RSE27-14;07231;Бъзън
1890;RSE33-01;02083;Бабово
1891;RSE33-02;05517;Борисово
1892;RSE33-03;06673;Бръшлен
1899;RSE37-01;03745;Белцов
1900;RSE37-02;03808;Беляново
1921;SFO10-01;00549;Априлово
1922;SFO10-02;02258;Байлово
1923;SFO10-03;03705;Белопопци
2009;SFO43-07;14194;Габровница
2010;SFO43-08;14461;Бов
2011;SFO43-09;14475;Лакатник
2012;SFO43-12;23798;Дружево
2013;SFO43-14;29163;Желен
2014;SFO43-17;30350;Заселе
2015;SFO43-18;30847;Зимевица
2016;SFO43-19;32843;Искрец
2017;SFO43-20;43092;Лакатник
2018;SFO43-22;44330;Луково
2019;SFO43-23;48129;Миланово
2020;SFO43-26;54122;Осеновлаг
2021;SFO43-27;62387;Реброво
2022;SFO43-29;65663;Свидня
2023;SFO43-30;72655;Томпсън
2024;SFO43-32;78481;Церово
2026;SFO47-01;36484;Карлиево
2027;SFO47-02;56137;Петрич
2028;SFO47-03;78669;Църквище
2029;SFO55-01;24164;Душанци
2031;SFO56-04;67636;Смолско
2035;SHU07-04;14132;Габрица
2036;SHU07-05;20643;Денница
2037;SHU07-06;23724;Дренци
2038;SHU07-07;32562;Изгрев
2039;SHU07-08;36155;Капитан Петко
2040;SHU07-09;54119;Осеновец
2041;SHU07-10;69729;Страхилица
2042;SHU07-12;81061;Черноглавци
2043;SHU07-13;87610;Ясенково
2046;SHU10-03;32113;Иваново
2047;SHU10-06;41054;Кьолмен
2048;SHU10-07;43949;Ловец
2049;SHU10-08;46773;Маломир
2050;SHU10-09;47785;Менгишево
2051;SHU10-10;47915;Методиево
2052;SHU10-11;51785;Нова бяла река
2053;SHU10-12;68847;Станянци
2054;SHU10-14;73537;Тушовица
2055;SHU10-15;81222;Чернооково
2056;SHU10-16;39298;Крайгорци
2057;SHU10-17;38306;Конево
2058;SHU10-18;70398;Сушина
2061;SHU11-04;11257;Висока поляна
2062;SHU11-05;12663;Върбак
2063;SHU11-06;21289;Длъжко
2064;SHU11-07;21405;Добри Войниково
2065;SHU11-08;27067;Единаковци
2066;SHU11-09;29341;Живково
2067;SHU11-10;30421;Звегор
2068;SHU11-11;32250;Иглика
2069;SHU11-12;35417;Калино
2070;SHU11-13;35969;Каменяк
2071;SHU11-14;61697;Развигорово
2072;SHU11-15;67283;Сливак
2073;SHU11-16;70099;Студеница
2074;SHU11-17;72285;Тервел
2075;SHU11-18;72401;Тимарево
2076;SHU11-19;73050;Трем
2077;SHU11-20;80772;Черна
2079;SHU18-02;18188;Гусла
2080;SHU18-03;21811;Дойранци
2081;SHU18-04;21960;Долина
2082;SHU18-05;30137;Загориче
2083;SHU18-06;37232;Климент
2084;SHU18-07;44865;Лятно
2085;SHU18-08;51158;Наум
2086;SHU18-09;58485;Пристое
2087;SHU18-10;66531;Сини вир
2088;SHU18-11;68388;Средковец
2089;SHU18-12;72549;Тодор Икономово
2090;SHU18-13;73554;Тъкач
2091;SHU19-01;12838;Върбяне
2092;SHU19-02;31084;Златна нива
2093;SHU19-03;36590;Каспичан
2094;SHU19-04;38804;Косово
2095;SHU19-05;41109;Кюлевча
2096;SHU19-07;47319;Марково
2097;SHU19-08;48773;Могила
1969;SFO26-01;03191;Безден
1970;SFO26-03;07171;Бучин проход
1985;SFO39-01;00391;Алино
1986;SFO39-02;03441;Бели Искър
1987;SFO39-03;03767;Белчин
2007;SFO43-03;06272;Брезе
2098;SHU19-09;56770;Плиска
2099;SHU21-02;12509;Вълнари
2100;SHU21-04;39548;Красен дол
2101;SHU21-05;39760;Крива река
2102;SHU21-06;56071;Пет могили
2103;SHU21-09;78032;Цани Гинчево
2104;SHU21-10;78656;Църквица
2105;SHU21-11;36194;Каравелово
2106;SHU21-12;63269;Ружица
2107;SHU21-13;77582;Хърсово
2108;SHU22-02;11819;Войвода
2109;SHU22-03;27471;Енево
2110;SHU22-04;29391;Жилино
2111;SHU22-05;30274;Зайчино ореше
2112;SHU22-06;32353;Избул
2113;SHU22-07;48386;Мировци
2114;SHU22-08;55292;Памукчии
2115;SHU22-10;58027;Правенци
2116;SHU22-11;58205;Преселка
2117;SHU22-12;66353;Сечище
2118;SHU22-13;68744;Стан
2119;SHU22-14;69506;Стоян Михайловски
2120;SHU23-01;23340;Драгоево
2121;SHU23-02;30942;Златар
2122;SHU23-03;32723;Имренчево
2123;SHU23-04;39133;Кочово
2124;SHU23-05;48132;Миланово
2125;SHU23-06;48862;Мокреш
2126;SHU23-07;49148;Мостич
2127;SHU23-08;54273;Осмар
2128;SHU23-09;70278;Суха река
2129;SHU23-10;73170;Троица
2130;SHU23-11;78210;Хан Крум
2131;SHU25-03;10762;Веселиново
2132;SHU25-06;52310;Ново Янково
2133;SHU25-07;62732;Риш
2134;SHU25-08;80950;Черни връх
2135;SHU25-09;87429;Янково
2138;SHU30-02;10176;Васил Друмев
2139;SHU30-03;10882;Ветрище
2140;SHU30-04;10923;Вехтово
2141;SHU30-05;17573;Градище
2142;SHU30-06;20938;Дибич
2143;SHU30-07;23813;Друмево
2144;SHU30-08;32158;Ивански
2145;SHU30-09;32706;Илия Блъсково
2146;SHU30-10;37135;Кладенец
2147;SHU30-11;41188;Коньовец
2148;SHU30-12;44032;Лозево
2149;SHU30-13;47161;Мараш
2150;SHU30-14;52132;Новосел
2151;SHU30-17;61443;Радко Димитриево
2152;SHU30-18;65187;Салманово
2153;SHU30-19;68504;Средня
2154;SHU30-20;69924;Струино
2155;SHU30-21;78104;Царев брод
2156;SHU30-22;46053;Мадара
2157;SHU30-23;10464;Велино
2158;SHU30-24;80546;Черенча
2160;SHU30-26;55316;Панайот Волово
2163;SLS01-06;81712;Чуковец
2166;SLS07-04;21230;Дичево
2167;SLS07-06;30377;Зафирово
2168;SLS07-07;30507;Звенимир
2169;SLS07-08;30689;Зебил
2170;SLS07-10;35554;Калугерене
2171;SLS07-11;37993;Коларово
2172;SLS07-13;43894;Листец
2173;SLS07-15;52338;Ножарево
2174;SLS07-16;54078;Осен
2175;SLS07-18;57056;Подлес
2176;SLS07-19;67828;Сокол
2177;SLS07-20;69184;Стефан Караджа
2178;SLS07-21;70336;Суходол
2179;SLS07-22;81075;Черногор
2180;SLS07-23;46927;Малък Преславец
2181;SLS07-24;22798;Долно Ряхово
2182;SLS07-25;31406;Зарица
2032;SHU07-01;05685;Борци
2033;SHU07-02;05966;Боян
2044;SHU10-01;05075;Божурово
2045;SHU10-02;07692;Бяла река
2059;SHU11-01;02244;Байково
2060;SHU11-02;04430;Близнаци
2183;SLS07-26;12440;Вълкан
2184;SLS07-27;55138;Падина
2185;SLS07-28;38707;Косара
2187;SLS10-02;11764;Водно
2188;SLS10-03;12022;Вокил
2189;SLS10-05;18018;Грънчарово
2190;SLS10-06;21926;Долец
2191;SLS10-07;31125;Златоклас
2192;SLS10-08;37839;Козяк
2193;SLS10-09;38073;Колобър
2194;SLS10-10;47696;Межден
2195;SLS10-11;53148;Овен
2196;SLS10-12;53494;Окорш
2197;SLS10-13;53744;Орешене
2198;SLS10-14;55186;Паисиево
2199;SLS10-15;57296;Полковник Таслаково
2200;SLS10-16;57813;Поройно
2201;SLS10-17;57995;Правда
2202;SLS10-18;58709;Прохлада
2203;SLS10-19;61724;Раздел
2204;SLS10-20;63286;Руйно
2205;SLS10-21;66038;Секулово
2206;SLS10-22;66696;Скала
2207;SLS10-23;80738;Черковна
2208;SLS10-24;81150;Чернолик
2209;SLS10-25;81966;Черник
2210;SLS10-26;87504;Яребица
2211;SLS15-01;11990;Войново
2212;SLS15-02;15566;Голеш
2213;SLS15-03;20047;Давидово
2214;SLS15-04;21720;Добруджанка
2215;SLS15-05;30346;Зарник
2216;SLS15-07;57306;Полковник Чолаково
2217;SLS15-09;65615;Светослав
2218;SLS15-10;68357;Средище
2219;SLS15-11;57889;Посев
2223;SLS31-06;10834;Ветрен
2224;SLS31-08;34134;Йорданово
2225;SLS31-10;41143;Калипетрово
2226;SLS31-13;58699;Професор Иширково
2227;SLS31-14;67526;Смилец
2228;SLS31-15;68254;Срацимир
2229;SLS31-16;68299;Сребърна
2231;SLS32-02;14547;Гарван
2232;SLS32-03;21693;Добротица
2233;SLS32-05;32839;Искра
2234;SLS32-06;44495;Любен
2235;SLS32-08;57385;Поляна
2236;SLS32-09;57577;Попина
2237;SLS32-10;67249;Слатина
2240;SLS34-04;10149;Варненци
2241;SLS34-05;51956;Нова Черна
2242;SLS34-07;58253;Преславци
2243;SLS34-08;69078;Старо село
2244;SLS34-10;73729;Търновци
2245;SLS34-12;78238;Цар Самуил
2246;SLS34-13;83524;Шуменци
2249;SLV11-04;17436;Градец
2250;SLV11-06;29283;Жеравна
2251;SLV11-08;36854;Кипилово
2252;SLV11-09;46646;Малко село
2253;SLV11-10;47528;Медвен
2254;SLV11-11;51398;Нейково
2255;SLV11-14;58966;Пъдарево
2256;SLV11-16;67859;Соколарци
2257;SLV11-17;69821;Стрелци
2258;SLV11-18;72480;Тича
2259;SLV11-19;72833;Топузево
2260;SLV11-20;76073;Филаретово
2261;SLV11-21;87031;Ябланово
2262;SLV11-22;54300;Остра могила
2263;SLV11-23;53919;Орлово
2266;SLV16-06;24760;Дядово
2267;SLV16-07;27111;Езеро
2268;SLV16-08;27245;Еленово
2269;SLV16-09;30171;Загорци
2270;SLV16-10;35907;Каменово
2271;SLV16-11;36395;Караново
2161;SLS01-01;00240;Алеково
2162;SLS01-02;04145;Бистра
2164;SLS07-01;03017;Бащино
2165;SLS07-02;04670;Богданци
2186;SLS10-01;05124;Боил
2221;SLS31-02;02097;Бабук
2230;SLS32-01;05757;Босна
2272;SLV16-12;38426;Коньово
2273;SLV16-13;38683;Кортен
2274;SLV16-14;44505;Любенец
2275;SLV16-15;44522;Любенова махала
2276;SLV16-16;48725;Млекарево
2277;SLV16-17;51161;Научене
2278;SLV16-18;52146;Новоселец
2279;SLV16-19;53518;Омарчево
2280;SLV16-20;56068;Пет могили
2281;SLV16-21;56527;Питово
2282;SLV16-23;58726;Прохорово
2283;SLV16-24;61310;Радево
2284;SLV16-25;61340;Радецки
2285;SLV16-26;67831;Сокол
2286;SLV16-27;69314;Стоил войвода
2287;SLV16-29;70487;Съдиево
2290;SLV16-32;70456;Събрано
2292;SLV16-34;70490;Съдийско поле
2293;SLV16-35;57371;Полско Пъдарево
2294;SLV16-36;78344;Ценино
2300;SLV20-07;12414;Въглен
2301;SLV20-08;14275;Гавраилово
2302;SLV20-09;14800;Гергевец
2303;SLV20-10;15206;Глуфишево
2304;SLV20-11;15237;Глушник
2305;SLV20-12;15936;Голямо Чочовени
2306;SLV20-13;16688;Горно Александрово
2307;SLV20-14;17600;Градско
2308;SLV20-15;23337;Драгоданово
2309;SLV20-16;29194;Желю войвода
2310;SLV20-18;30990;Злати войвода
2311;SLV20-19;32545;Изгрев
2312;SLV20-20;32915;Ичера
2313;SLV20-21;35537;Калояново
2314;SLV20-22;35660;Камен
2315;SLV20-23;36779;Кермен
2316;SLV20-24;37530;Ковачите
2317;SLV20-25;40083;Крушаре
2318;SLV20-26;46694;Малко Чочовени
2319;SLV20-27;47980;Мечкарево
2320;SLV20-28;48708;Младово
2321;SLV20-29;51634;Николаево
2322;SLV20-30;51929;Новачево
2323;SLV20-31;55333;Панаретовци
2324;SLV20-33;65303;Самуилово
2325;SLV20-34;66041;Селиминово
2326;SLV20-35;66812;Скобелево
2327;SLV20-36;68117;Сотиря
2328;SLV20-37;68549;Средорек
2329;SLV20-38;68864;Стара река
2330;SLV20-39;69081;Старо село
2331;SLV20-40;69986;Струпец
2332;SLV20-41;72816;Тополчане
2333;SLV20-42;73016;Трапоклово
2334;SLV20-43;81387;Чинтулово
2335;SLV20-44;81534;Чокоба
2338;SLV24-04;15944;Шивачево
2339;SLV24-05;29533;Жълт бряг
2340;SLV24-06;53847;Оризари
2341;SLV24-07;65499;Сборище
2342;SLV24-08;80474;Червенаково
2344;SML02-04;12526;Вълчан дол
2345;SML02-06;20033;Давидково
2346;SML02-08;30209;Загражден
2347;SML02-11;54002;Оряховец
2348;SML02-12;70158;Стърница
2349;SML02-13;11377;Вишнево
2350;SML02-14;23875;Дрянка
2351;SML02-15;46406;Малка Арда
2352;SML05-03;80159;Чала
2353;SML05-05;87223;Ягодина
2239;SLS34-03;06389;Бреница
2247;SLV11-01;00045;Мокрен
2248;SLV11-02;05480;Боринци
2265;SLV16-02;02734;Баня
2289;SLV16-31;07778;Бял кладенец
2291;SLV16-33;04635;Богданово
2295;SLV20-01;04039;Биково
2296;SLV20-02;04114;Бинкос
2297;SLV20-03;04337;Блатец
2298;SLV20-04;04947;Божевци
2299;SLV20-06;07613;Бяла
2336;SLV24-02;05551;Боров дол
2357;SML09-03;17957;Грохотно
2358;SML09-04;18424;Гьоврен
2359;SML09-05;29502;Жребево
2360;SML09-07;44848;Лясково
2361;SML09-08;48547;Михалково
2362;SML09-10;54198;Осиково
2363;SML09-11;66130;Селча
2364;SML09-12;69465;Стоманево
2365;SML09-13;73105;Триград
2368;SML10-03;31259;Змеица
2369;SML10-04;41006;Късак
2370;SML10-05;44642;Любча
2371;SML10-06;78567;Црънча
2372;SML10-07;80025;Чавдар
2374;SML11-02;21871;Долен
2375;SML11-03;27588;Ерма река
2376;SML11-05;69105;Старцево
2377;SML11-06;69759;Страшимир
2378;SML16-05;10910;Вехтино
2379;SML16-07;12718;Върбина
2380;SML16-09;40662;Купен
2381;SML16-13;48461;Митовска
2382;SML16-15;61162;Равнил
2383;SML16-17;68451;Средногорци
2388;SML16-22;14413;Галище
2389;SML16-23;43387;Леска
2390;SML16-24;43582;Лещак
2391;SML16-25;43983;Ловци
2392;SML16-26;49504;Мъглища
2393;SML16-27;61176;Равнища
2394;SML16-28;70041;Студена
2395;SML16-29;83048;Шаренска
2396;SML16-30;73599;Тънкото
2397;SML16-31;78505;Цирка
2399;SML18-02;12896;Върли дол
2400;SML18-03;12927;Върлино
2401;SML18-04;18374;Гърнати
2402;SML18-05;21004;Диманово
2403;SML18-06;32559;Изгрев
2404;SML18-07;37695;Козарка
2405;SML18-08;39092;Кочани
2406;SML18-09;40628;Кундево
2407;SML18-10;41157;Еленка
2408;SML18-12;53388;Оградна
2409;SML18-13;68309;Средец
2410;SML18-14;73883;Тънка бара
2412;SML27-02;11301;Витина
2413;SML27-03;11870;Войкова лъка
2414;SML27-04;17676;Грамаде
2415;SML27-05;27365;Елховец
2416;SML27-06;56798;Пловдивци
2417;SML27-08;62637;Рибница
2418;SML27-09;80399;Чепинци
2419;SML27-10;68093;Сопотот
2420;SML27-11;61193;Равнината
2422;SML27-13;38604;Коритата
2424;SML27-15;53309;Оглед
2427;SML31-08;11048;Виево
2428;SML31-11;17631;Градът
2429;SML31-12;36631;Катраница
2430;SML31-15;40748;Кутела
2431;SML31-16;43219;Левочево
2432;SML31-17;44433;Лъка
2433;SML31-18;48814;Могилица
2434;SML31-19;49014;Момчиловци
2435;SML31-20;49285;Мугла
2436;SML31-22;55991;Петково
2437;SML31-23;56962;Подвис
2438;SML31-24;57282;Полковник Серафимово
2439;SML31-26;62462;Река
2440;SML31-28;66384;Сивино
2343;SML02-01;00850;Гълъбово
2354;SML05-06;06879;Буйново
2356;SML09-02;06269;Брезе
2366;SML10-01;02779;Барутин
2367;SML10-02;06700;Бръщен
2373;SML11-01;00196;Аламовци
2385;SML16-19;05476;Бориново
2386;SML16-20;05579;Боровина
2387;SML16-21;07017;Буково
2398;SML18-01;07911;Бурево
2411;SML27-01;05365;Борие
2421;SML27-12;07689;Бяла река
2423;SML27-14;07569;Бърчево
2425;SML31-01;00597;Арда
2426;SML31-06;05801;Бостина
2441;SML31-29;66957;Славейно
2442;SML31-30;67547;Смилян
2443;SML31-31;67965;Соколовци
2444;SML31-33;69345;Стойките
2445;SML31-34;69585;Стража
2446;SML31-35;72391;Тикале
2447;SML31-36;73033;Требище
2448;SML31-38;73777;Търън
2449;SML31-41;83274;Широка лъка
2450;SML31-42;11572;Влахово
2451;SML31-43;24089;Дунево
2452;SML31-44;27262;Еленска
2453;SML31-45;62760;Ровина
2455;SML38-02;30034;Забърдо
2456;SML38-04;46286;Малево
2457;SML38-05;53669;Орехово
2458;SML38-07;55035;Павелско
2459;SML38-09;77219;Хвойна
2461;SOF46-32;11394;Владая
2462;SOF46-33;49597;Мърчаево
2463;SOF46-34;46721;Мало Бучино
2464;SOF46-35;12084;Волуяк
2466;SOF46-37;11884;Войнеговци
2467;SOF46-38;21662;Доброславци
2468;SOF46-39;29430;Житен
2469;SOF46-40;40436;Кубратово
2470;SOF46-41;41010;Кътина
2471;SOF46-42;44224;Локорско
2472;SOF46-43;48393;Мировяне
2473;SOF46-44;49206;Мрамор
2474;SOF46-45;51250;Негован
2475;SOF46-46;57011;Подгумер
2476;SOF46-47;65601;Световрачене
2477;SOF46-48;80409;Чепинци
2479;SOF46-50;16448;Горни Богров
2480;SOF46-51;22304;Долни Богров
2481;SOF46-52;29204;Желява
2482;SOF46-53;87401;Яна
2484;SOF46-55;14831;Герман
2485;SOF46-56;22472;Долни Пасарел
2486;SOF46-57;29150;Железница
2487;SOF46-58;35239;Казичене
2488;SOF46-59;37914;Кокаляне
2489;SOF46-60;39791;Кривина
2490;SOF46-61;44063;Лозен
2491;SOF46-63;32216;Иваняне
2492;SZR04-01;10673;Верен
2493;SZR04-03;16691;Горно Белево
2494;SZR04-04;16852;Горно ново село
2495;SZR04-05;17717;Гранит
2496;SZR04-10;47665;Медово
2497;SZR04-11;48372;Мирово
2498;SZR04-12;51072;Найденово
2499;SZR04-13;53624;Опълченец
2500;SZR04-14;53850;Оризово
2501;SZR04-15;55484;Партизанин
2502;SZR04-16;56811;Плодовитово
2503;SZR04-17;58075;Православ
2504;SZR04-21;80793;Черна гора
2506;SZR07-03;14951;Главан
2507;SZR07-04;32857;Искрица
2508;SZR07-05;47603;Медникарово
2509;SZR07-06;49391;Мусачево
2510;SZR07-07;49535;Мъдрец
2511;SZR07-08;53134;Обручище
2512;SZR07-09;57515;Помощник
2514;SZR12-02;15864;Голямо Дряново
2515;SZR12-03;16780;Горно Изворово
2516;SZR12-04;22633;Долно Изворово
2517;SZR12-05;24075;Дунавци
2518;SZR12-06;27499;Енина
2519;SZR12-07;38563;Копринка
2520;SZR12-08;40292;Крън
2521;SZR12-09;40868;Кънчево
2522;SZR12-10;49076;Горно Черковище
2523;SZR12-11;53179;Овощник
2524;SZR12-12;62983;Розово
2525;SZR12-13;63570;Ръжена
2526;SZR12-14;68446;Средногорово
2527;SZR12-15;77027;Хаджидимитрово
2478;SOF46-49;07140;Бухово
2483;SOF46-54;04234;Бистрица
2505;SZR07-01;00552;Априлово
2513;SZR12-01;06848;Бузовград
2528;SZR12-16;80532;Черганово
2529;SZR12-17;83106;Шейново
2530;SZR12-18;83199;Шипка
2531;SZR12-19;87641;Ясеново
2532;SZR22-02;10848;Ветрен
2533;SZR22-06;24342;Дъбово
2534;SZR22-08;30870;Зимница
2535;SZR22-16;73420;Тулово
2536;SZR22-18;86043;Юлиево
2537;SZR22-19;87212;Ягода
2538;SZR22-20;83020;Шаново
2541;SZR23-04;10224;Васил Левски
2542;SZR23-07;59166;Пъстрен
2543;SZR23-08;61791;Княжевско
2544;SZR23-09;68312;Средец
2545;SZR23-11;72970;Тракия
2546;SZR23-12;87713;Ястребово
2549;SZR24-04;14026;Габарево
2550;SZR24-05;16924;Горно Сахране
2551;SZR24-06;22808;Долно Сахране
2552;SZR24-07;47101;Манолово
2553;SZR24-08;54153;Осетеново
2554;SZR24-09;66826;Скобелево
2555;SZR24-10;73451;Турия
2556;SZR24-11;73540;Тъжа
2557;SZR24-12;73688;Търничени
2558;SZR27-04;17960;Боздуганово
2559;SZR27-05;20153;Даскал-Атанасово
2560;SZR27-06;21209;Диня
2561;SZR27-08;31293;Знаменосец
2562;SZR27-10;37507;Ковачево
2563;SZR27-11;38008;Коларово
2564;SZR27-13;44540;Любеново
2565;SZR27-14;47500;Маца
2566;SZR27-15;57323;Полски Градец
2567;SZR27-17;65838;Свободен
2568;SZR27-18;70586;Сърнево
2569;SZR27-19;72477;Тихомирово
2570;SZR27-21;73225;Трояново
2571;SZR27-22;73314;Трънково
2572;SZR27-23;72824;Тополяне
2578;SZR31-09;16701;Горно Ботево
2579;SZR31-10;24482;Дълбоки
2580;SZR31-11;27214;Еленино
2581;SZR31-13;30119;Загоре
2582;SZR31-14;31276;Змейово
2583;SZR31-16;35420;Калитиново
2584;SZR31-17;35515;Калояновец
2585;SZR31-18;36899;Кирилово
2586;SZR31-19;37678;Козаревец
2587;SZR31-20;38039;Колена
2588;SZR31-21;43921;Ловец
2589;SZR31-24;46098;Маджерито
2590;SZR31-25;46417;Малка Верея
2591;SZR31-26;46591;Малко Кадиево
2592;SZR31-27;48502;Михайлово
2593;SZR31-28;48765;Могила
2594;SZR31-30;54016;Оряховица
2595;SZR31-32;55289;Памукчии
2596;SZR31-33;56188;Петрово
2597;SZR31-34;56825;Плоска могила
2598;SZR31-35;57073;Подслон
2599;SZR31-36;58236;Преславен
2600;SZR31-38;58952;Пшеничево
2601;SZR31-39;61995;Ракитница
2602;SZR31-42;65317;Самуилово
2603;SZR31-44;68730;Хан Аспарухово
2604;SZR31-45;68970;Старозагорски бани
2605;SZR31-46;69794;Стрелец
2606;SZR31-47;70202;Сулица
2607;SZR31-48;77431;Християново
2608;SZR31-49;77476;Хрищени
2609;SZR31-50;87182;Яворово
2610;SZR36-01;11082;Винарово
2611;SZR36-02;14920;Гита
2612;SZR36-05;30819;Зетьово
2613;SZR36-08;46658;Малко Тръново
2614;SZR36-10;63344;Рупките
2547;SZR24-01;00309;Александрово
2548;SZR24-02;00697;Асен
2573;SZR31-01;00655;Арнаутито
2576;SZR31-06;06197;Братя Кунчеви
2577;SZR31-07;07199;Бъдеще
2615;SZR36-11;65810;Свобода
2616;SZR36-12;68182;Спасово
2617;SZR36-13;68463;Средно градище
2618;SZR36-15;78330;Целина
2619;SZR36-16;78375;Ценово
2620;SZR36-18;87254;Яздач
2621;SZR37-05;22767;Паничерево
2622;SZR37-09;38203;Конаре
2623;SZR38-01;27070;Едрево
2624;SZR38-02;48163;Елхово
2625;SZR38-03;51888;Нова махала
2626;TGV02-04;36169;Капище
2627;TGV02-06;38323;Коноп
2628;TGV02-10;69136;Старчище
2629;TGV02-11;69146;Стеврек
2630;TGV02-13;73078;Трескавец
2631;TGV02-14;32473;Изворово
2632;TGV02-15;72062;Таймище
2633;TGV02-16;21703;Добротица
2634;TGV02-17;49059;Моравка
2635;TGV02-18;61769;Разделци
2636;TGV02-19;44598;Любичево
2637;TGV02-29;49045;Моравица
2638;TGV02-30;66175;Семерци
2639;TGV02-31;80892;Черни бряг
2640;TGV02-32;80786;Черна вода
2642;TGV22-04;10481;Величка
2643;TGV22-05;10687;Веренци
2644;TGV22-06;10728;Веселец
2645;TGV22-08;12156;Врани кон
2646;TGV22-10;16420;Горна Хубавка
2647;TGV22-12;16849;Горно Новково
2648;TGV22-17;30692;Зелена морава
2649;TGV22-19;31416;Звездица
2650;TGV22-20;32620;Илийно
2651;TGV22-21;35643;Камбурово
2652;TGV22-23;37811;Козма презвитер
2653;TGV22-26;53062;Обител
2654;TGV22-27;55327;Панайот Хитово
2655;TGV22-28;55381;Паничино
2656;TGV22-29;56112;Петрино
2657;TGV22-30;56856;Плъстина
2658;TGV22-32;58972;Пъдарино
2659;TGV22-37;75013;Угледно
2660;TGV22-39;78450;Церовище
2662;TGV22-41;10392;Великденче
2663;TGV22-42;11212;Висок
2664;TGV22-43;15922;Голямо църквище
2665;TGV22-44;16818;Горно Козарево
2666;TGV22-45;17230;Горско село
2667;TGV22-46;22280;Долна Хубавка
2668;TGV22-47;22664;Долно Козарево
2669;TGV22-48;22719;Долно Новково
2670;TGV22-49;31262;Змейно
2671;TGV22-50;36806;Кестеново
2672;TGV22-51;39596;Красноселци
2673;TGV22-52;48790;Могилец
2674;TGV22-53;58774;Птичево
2675;TGV22-54;59029;Първан
2676;TGV22-55;63639;Рътлина
2677;TGV22-56;68761;Станец
2678;TGV22-57;81147;Чернокапци
2679;TGV23-01;15833;Голямо градище
2680;TGV23-02;17172;Горско Абланово
2681;TGV23-03;18407;Гърчиново
2682;TGV23-04;39671;Крепча
2683;TGV23-05;44608;Люблен
2686;TGV24-05;11716;Водица
2687;TGV24-06;14307;Гагово
2688;TGV24-07;15103;Глогинка
2689;TGV24-10;22109;Долна Кабда
2690;TGV24-11;23738;Дриново
2691;TGV24-12;27259;Еленово
2692;TGV24-14;30332;Зараево
2693;TGV24-15;30404;Захари Стояново
2694;TGV24-16;30449;Звезда
2695;TGV24-17;36470;Кардам
2696;TGV24-18;37469;Ковачевец
2697;TGV24-19;37748;Козица
2698;TGV24-21;44286;Ломци
2699;TGV24-24;47634;Медовина
2684;TGV24-01;00566;Априлово
2685;TGV24-02;02021;Баба Тонка
2700;TGV24-25;54208;Осиково
2701;TGV24-26;55213;Паламарца
2702;TGV24-28;57875;Посабина
2703;TGV24-29;65067;Садина
2704;TGV24-30;65557;Светлен
2705;TGV24-31;67091;Славяново
2706;TGV24-32;73376;Тръстика
2707;TGV24-33;78077;Цар Асен
2715;TGV35-08;10121;Вардун
2716;TGV35-09;10238;Васил Левски
2717;TGV35-10;15919;Голямо Соколово
2718;TGV35-11;16225;Горна Кабда
2719;TGV35-12;20050;Давидово
2720;TGV35-13;23087;Драгановец
2721;TGV35-14;24520;Дългач
2722;TGV35-15;30644;Здравец
2723;TGV35-16;38501;Копрец
2724;TGV35-17;39390;Кралево
2725;TGV35-18;43685;Лиляк
2726;TGV35-19;43935;Ловец
2727;TGV35-20;46190;Макариополско
2728;TGV35-21;48920;Момино
2729;TGV35-22;51024;Надарево
2730;TGV35-23;53223;Овчарово
2731;TGV35-25;54345;Острец
2732;TGV35-26;55201;Пайдушко
2733;TGV35-27;55662;Певец
2734;TGV35-28;57008;Подгорица
2735;TGV35-29;58195;Преселец
2736;TGV35-30;58219;Пресиян
2737;TGV35-31;58493;Пробуда
2738;TGV35-32;58579;Пролаз
2739;TGV35-33;61676;Разбойна
2740;TGV35-34;62164;Ралица
2741;TGV35-35;63241;Руец
2742;TGV35-36;69599;Стража
2743;TGV35-37;70545;Съединение
2744;TGV35-38;73701;Търновца
2745;TGV35-39;78297;Цветница
2746;TGV35-40;80741;Черковна
2748;TGV35-42;15895;Голямо ново
2749;TGV35-43;23546;Дралфа
2750;TGV35-49;58298;Пресяк
2751;TGV35-50;63077;Росина
2752;TGV35-51;72148;Твърдинци
2753;TGV35-52;46228;Маково
2754;TGV35-53;48091;Миладиновци
2755;TGV35-54;40395;Кръшно
2759;VAR01-04;24400;Дъбравино
2760;VAR01-05;30627;Здравец
2761;VAR01-06;35208;Казашка река
2762;VAR01-07;37068;Китка
2763;VAR01-09;58445;Приселци
2764;VAR01-10;61128;Равна гора
2765;VAR01-11;65125;Садово
2766;VAR01-12;66490;Синдел
2767;VAR01-13;70220;Царевци
2768;VAR01-14;73393;Тръстиково
2769;VAR01-15;86057;Юнак
2771;VAR02-02;11702;Водица
2772;VAR02-03;12406;Въглен
2773;VAR02-04;14653;Генерал Кантарджиево
2774;VAR02-06;21988;Долище
2775;VAR02-07;30363;Засмяно
2776;VAR02-09;32278;Игнатиево
2777;VAR02-10;32490;Изворско
2778;VAR02-11;37099;Кичево
2779;VAR02-12;37246;Климентово
2780;VAR02-13;39983;Крумово
2781;VAR02-14;40590;Куманово
2782;VAR02-15;44519;Любен Каравелово
2783;VAR02-17;53691;Орешак
2784;VAR02-18;54145;Осеново
2785;VAR02-21;67489;Слънчево
2786;VAR02-22;21587;Доброглед
2787;VAR02-23;87518;Яребична
2710;TGV35-03;03037;Баячево
2711;TGV35-04;04159;Бистра
2712;TGV35-05;05030;Божурка
2713;TGV35-06;06166;Братово
2747;TGV35-41;06882;Буйново
2756;VAR01-01;03811;Бенковски
2757;VAR01-02;04426;Близнаци
2758;VAR01-03;05311;Болярци
2770;VAR02-01;05829;Ботево
2788;VAR04-01;27125;Езерово
2789;VAR04-03;61741;Разделна
2790;VAR04-04;69763;Страшимирово
2791;VAR05-02;17323;Господиново
2792;VAR05-03;24739;Дюлино
2793;VAR05-04;57635;Попович
2794;VAR06-07;30497;Звездица
2795;VAR06-08;35211;Казашко
2796;VAR06-09;35701;Каменар
2797;VAR06-10;72709;Тополи
2798;VAR06-11;38354;Константиново
2800;VAR08-02;14252;Габърница
2801;VAR08-03;21645;Доброплодно
2802;VAR08-04;48653;Млада гвардия
2803;VAR08-05;49000;Момчилово
2804;VAR08-06;51233;Невша
2805;VAR08-07;51487;Неофит Рилски
2806;VAR08-09;87206;Ягнило
2809;VAR09-03;11836;Войводино
2810;VAR09-04;14667;Генерал Киселово
2811;VAR09-05;14670;Генерал Колево
2812;VAR09-06;21717;Добротич
2813;VAR09-07;27629;Есеница
2814;VAR09-09;32442;Изворник
2815;VAR09-11;35506;Калоян
2816;VAR09-12;36302;Караманите
2817;VAR09-14;47874;Метличина
2818;VAR09-15;48524;Михалич
2819;VAR09-16;53093;Оборище
2820;VAR09-17;61265;Радан войвода
2821;VAR09-18;69170;Стефан Караджа
2822;VAR09-20;80529;Червенци
2823;VAR09-21;84022;Щипско
2825;VAR13-03;10611;Венелин
2826;VAR13-04;15597;Голица
2827;VAR13-05;16050;Горен чифлик
2828;VAR13-06;17912;Гроздьово
2829;VAR13-07;20701;Детелина
2830;VAR13-09;51963;Нова Шипка
2831;VAR13-10;52115;Ново Оряхово
2832;VAR13-11;58921;Пчелник
2833;VAR13-12;63197;Рудник
2834;VAR13-13;68028;Солник
2835;VAR13-14;68998;Старо Оряхово
2836;VAR13-15;83404;Шкорпиловци
2837;VAR14-01;36868;Кипра
2838;VAR14-02;55110;Падина
2841;VAR16-04;10495;Величково
2842;VAR16-05;35777;Камен дял
2843;VAR16-06;38162;Комунари
2844;VAR16-08;44294;Лопушна
2845;VAR16-09;47620;Медовец
2846;VAR16-10;55470;Партизани
2847;VAR16-11;57457;Поляците
2848;VAR16-12;63135;Рояк
2849;VAR16-13;65019;Сава
2850;VAR16-15;78519;Цонево
2854;VAR24-04;10663;Венчан
2855;VAR24-05;17508;Градинарово
2856;VAR24-06;21484;Добрина
2857;VAR24-07;29458;Житница
2858;VAR24-08;31005;Златина
2859;VAR24-10;38114;Комарево
2860;VAR24-11;39829;Кривня
2861;VAR24-12;46975;Манастир
2862;VAR24-14;53182;Овчага
2863;VAR24-15;56143;Петров дол
2864;VAR24-16;61073;Равна
2865;VAR24-17;66963;Славейково
2866;VAR24-18;67739;Снежина
2867;VAR24-20;73506;Тутраканци
2868;VAR24-21;77387;Храброво
2869;VAR24-23;80710;Черковна
2870;VAR24-24;81195;Черноок
2871;VAR26-01;23858;Дръндар
2872;VAR26-03;35376;Калиманци
2873;VAR26-04;43222;Левски
2808;VAR09-02;06416;Брестак
2824;VAR13-01;07034;Булаир
2839;VAR16-02;00789;Аспарухово
2840;VAR16-03;05699;Боряна
2851;VAR24-01;04457;Блъсково
2852;VAR24-02;05102;Бозвелийско
2853;VAR24-03;07507;Бързица
2874;VAR26-05;51584;Николаевка
2875;VAR26-06;80861;Чернево
2877;VID01-10;61011;Рабиша
2878;VID01-12;65173;Салаш
2879;VID01-13;68655;Стакевци
2880;VID03-04;61039;Раброво
2883;VID06-02;12317;Връв
2884;VID06-03;18304;Гъмзово
2885;VID06-04;20568;Делейна
2886;VID06-05;38772;Косово
2887;VID06-06;40441;Куделин
2888;VID06-07;63700;Ракитница
2892;VID09-09;14698;Генерал Мариново
2893;VID09-10;15998;Гомотарци
2894;VID09-11;17422;Градец
2895;VID09-15;24061;Дунавци
2896;VID09-16;29043;Жеглица
2897;VID09-18;32754;Иново
2898;VID09-19;36141;Капитановци
2899;VID09-20;39147;Кошава
2900;VID09-21;41263;Кутово
2901;VID09-25;57131;Покрайна
2902;VID09-26;63358;Рупци
2903;VID09-28;66473;Синаговци
2904;VID09-29;67180;Слана бара
2905;VID09-30;67194;Сланотрън
2906;VID09-31;52283;Новоселци
2907;VID09-32;46111;Майор Узуново
2908;VID09-33;23786;Дружба
2909;VID09-34;35328;Каленик
2910;VID09-35;73746;Търняне
2911;VID15-06;72919;Тошевци
2913;VID16-04;11778;Воднянци
2914;VID16-06;14489;Орешец
2915;VID16-09;32370;Извор
2916;VID16-10;36440;Карбинци
2917;VID16-15;47648;Медовница
2918;VID16-17;66278;Септемврийци
2919;VID22-01;15415;Големаново
2920;VID22-05;69002;Старопатица
2921;VID22-06;72775;Тополовец
2922;VID22-07;78224;Цар-Петрово
2923;VID25-02;36885;Киреево
2924;VID25-03;56980;Подгоре
2925;VID25-04;62044;Раковица
2926;VID30-01;11079;Винарово
2927;VID30-02;51264;Неговановци
2928;VID30-03;76145;Флорентин
2929;VID30-04;87583;Ясен
2930;VID33-02;21193;Динково
2931;VID33-04;23672;Дреновец
2933;VID33-07;23515;Дражинци
2934;VID33-08;18486;Гюргич
2935;VID33-09;81247;Черно поле
2936;VID33-10;56753;Плешивец
2937;VID33-11;73924;Тополовец
2938;VID37-02;16571;Горни Лом
2939;VID37-03;22424;Долни Лом
2940;VID37-05;62493;Репляна
2941;VID37-06;68518;Средогрив
2942;VID37-07;73612;Търговище
2943;VRC05-01;21600;Добролево
2944;VRC05-02;46810;Малорад
2945;VRC05-03;51559;Нивянин
2946;VRC05-04;66617;Сираково
2951;VRC08-05;12214;Враняк
2952;VRC08-07;14012;Габаре
2953;VRC08-08;14406;Галиче
2954;VRC08-09;23618;Драшан
2955;VRC08-10;38128;Комарево
2956;VRC08-11;57594;Попица
2957;VRC08-12;67845;Соколаре
2958;VRC08-13;72521;Тлачене
2959;VRC08-14;73643;Търнава
2960;VRC08-15;73660;Търнак
2963;VRC10-03;10789;Веслец
2964;VRC10-04;11185;Вировско
2965;VRC10-05;11555;Власатица
2966;VRC10-06;15521;Голямо Пещене
2882;VID06-01;02395;Балей
2889;VID09-02;00919;Антимово
2890;VID09-03;03280;Бела Рада
2891;VID09-05;06954;Буковец
2912;VID16-01;00672;Арчар
2967;VRC10-07;16897;Горно Пещене
2968;VRC10-08;20376;Девене
2969;VRC10-09;30606;Згориград
2970;VRC10-10;38875;Костелево
2971;VRC10-11;43712;Лиляче
2972;VRC10-12;44728;Лютаджик
2973;VRC10-14;49223;Мраморен
2974;VRC10-15;51528;Нефела
2975;VRC10-16;54482;Оходен
2976;VRC10-17;55070;Паволче
2977;VRC10-18;72504;Тишевица
2978;VRC10-19;73119;Три кладенци
2979;VRC10-20;80311;Челопек
2980;VRC10-21;81400;Чирен
2981;VRC10-22;12749;Върбица
2983;VRC20-02;18505;Гложене
2984;VRC20-03;39730;Крива бара
2985;VRC20-04;77548;Хърлец
2988;VRC21-03;14390;Галатин
2989;VRC21-04;15014;Главаци
2990;VRC21-05;15494;Големо Бабино
2991;VRC21-06;17453;Градешница
2992;VRC21-07;21734;Добруша
2993;VRC21-08;39236;Краводер
2994;VRC21-09;43462;Лесура
2995;VRC21-10;54064;Осен
2996;VRC21-11;58788;Пудрия
2997;VRC21-12;61933;Ракево
2998;VRC21-13;75143;Уровене
2999;VRC21-14;76193;Фурен
3002;VRC27-03;12704;Върбешница
3003;VRC27-04;16122;Горна Бешовица
3004;VRC27-05;16256;Горна Кремена
3005;VRC27-06;22126;Долна Кремена
3006;VRC27-07;24668;Дърманци
3007;VRC27-08;27317;Елисейна
3008;VRC27-09;30510;Зверино
3009;VRC27-10;31190;Злидол
3010;VRC27-11;32281;Игнатица
3011;VRC27-13;39483;Крапец
3012;VRC27-14;39709;Крета
3013;VRC27-15;43654;Лик
3014;VRC27-16;44745;Лютиброд
3015;VRC27-17;44759;Лютидол
3016;VRC27-18;49031;Моравица
3017;VRC27-19;54047;Оселна
3018;VRC27-21;54506;Очиндол
3019;VRC27-22;62390;Ребърково
3020;VRC27-23;63450;Руска Бела
3021;VRC27-24;69050;Старо село
3022;VRC27-25;72432;Типченица
3023;VRC27-27;78135;Царевец
3024;VRC28-01;11853;Войводово
3025;VRC28-02;40200;Крушовица
3026;VRC28-03;43774;Липница
3027;VRC28-05;68148;Софрониево
3028;VRC31-01;14427;Галово
3029;VRC31-02;16451;Горни Вадин
3030;VRC31-03;22321;Долни Вадин
3031;VRC31-04;43400;Лесковец
3032;VRC31-05;54386;Остров
3033;VRC31-06;70723;Селановци
3034;VRC32-01;22023;Долна Бешовица
3035;VRC32-02;35910;Камено поле
3036;VRC32-03;40645;Кунино
3037;VRC32-04;40693;Курново
3038;VRC32-05;61488;Радовене
3039;VRC32-06;66576;Синьо бърдо
3040;VRC32-08;69554;Стояновци
3041;VRC32-09;69972;Струпец
3042;VRC32-10;77493;Хубавене
3044;VRC35-03;47010;Манастирище
3045;VRC35-04;48492;Михайлово
3046;VRC35-05;62815;Рогозен
3050;VTR04-07;11795;Водолей
3051;VTR04-09;12098;Вонеща вода
2950;VRC08-04;07538;Бъркачево
2961;VRC10-01;02590;Баница
2962;VRC10-02;03438;Бели извор
2982;VRC20-01;07116;Бутан
2986;VRC21-01;02912;Баурене
2987;VRC21-02;05894;Ботуня
3000;VRC27-01;04827;Боденец
3001;VRC27-02;06598;Брусен
3052;VTR04-13;20242;Дебелец
3053;VTR04-14;21244;Дичин
3054;VTR04-16;36107;Къпиново
3055;VTR04-17;36837;Килифарево
3056;VTR04-18;43253;Леденик
3057;VTR04-19;46532;Малки чифлик
3058;VTR04-20;48278;Миндя
3059;VTR04-22;51740;Никюп
3060;VTR04-23;52177;Ново село
3061;VTR04-24;56602;Плаково
3062;VTR04-25;58459;Присово
3063;VTR04-27;58918;Пчелище
3064;VTR04-29;62517;Ресен
3065;VTR04-30;63416;Русаля
3066;VTR04-31;65200;Самоводене
3067;VTR04-32;77356;Хотница
3068;VTR04-33;78428;Церова кория
3069;VTR04-34;83123;Шереметя
3070;VTR04-35;83586;Шемшево
3071;VTR06-01;12735;Върбица
3072;VTR06-03;17124;Горски долен Тръмбеш
3073;VTR06-04;22232;Долна Оряховица
3074;VTR06-05;23100;Драганово
3075;VTR06-06;40172;Крушето
3076;VTR06-07;56472;Писарево
3077;VTR06-08;57217;Поликраище
3078;VTR06-09;57981;Правда
3079;VTR06-10;59094;Първомайци
3080;VTR06-12;87453;Янтра
3083;VTR13-07;32593;Илаков рът
3084;VTR13-08;35729;Каменари
3085;VTR13-09;38337;Константин
3086;VTR13-11;46125;Майско
3087;VTR13-14;55261;Палици
3088;VTR14-01;17213;Горско ново село
3089;VTR14-04;35273;Калайджии
3090;VTR14-06;62431;Резач
3091;VTR14-07;62877;Родина
3092;VTR14-10;68494;Средно село
3093;VTR20-01;20835;Джулюница
3094;VTR20-02;21453;Добри дял
3095;VTR20-03;23217;Драгижево
3096;VTR20-04;37664;Козаревец
3097;VTR20-05;47826;Мерданя
3101;VTR22-04;11380;Вишовград
3102;VTR22-05;12783;Върбовка
3103;VTR22-06;16290;Горна Липница
3104;VTR22-07;21138;Димча
3105;VTR22-08;24685;Дъскот
3106;VTR22-09;36289;Караисен
3107;VTR22-10;43356;Лесичери
3108;VTR22-11;48550;Михалци
3109;VTR22-12;49429;Мусина
3110;VTR22-13;51295;Недан
3111;VTR22-14;55508;Паскалевец
3112;VTR22-15;55573;Патреш
3113;VTR22-16;63080;Росица
3114;VTR22-17;67475;Сломер
3115;VTR22-18;68708;Стамболово
3116;VTR22-19;22160;Долна Липница
3117;VTR26-01;12869;Вързулица
3118;VTR26-02;17467;Стефан Стамболово
3119;VTR26-04;32175;Иванча
3120;VTR26-05;36405;Каранци
3121;VTR26-06;40782;Куцина
3122;VTR26-07;41246;Климентово
3123;VTR26-08;47439;Масларево
3124;VTR26-09;53014;Обединение
3125;VTR26-10;53905;Орловец
3126;VTR26-11;55018;Павел
3127;VTR26-12;57340;Полски Сеновец
3128;VTR26-13;61279;Раданово
3129;VTR26-14;65471;Петко Каравелово
3130;VTR26-15;69732;Страхилово
3134;VTR28-04;10118;Вардим
3135;VTR28-05;16393;Горна Студена
3136;VTR28-07;23431;Драгомирово
3048;VTR04-02;02364;Балван
3049;VTR04-03;03798;Беляковец
3081;VTR13-01;03054;Беброво
3098;VTR22-01;02823;Батак
3099;VTR22-02;07123;Бутово
3100;VTR22-03;07716;Бяла черква
3137;VTR28-08;37784;Козловец
3138;VTR28-09;49028;Морава
3139;VTR28-10;53196;Овча могила
3140;VTR28-11;53672;Ореш
3141;VTR28-12;67787;Совата
3142;VTR28-13;77013;Хаджидимитрово
3143;VTR28-14;78121;Царевец
3144;VTR28-15;80457;Червена
3149;VTR31-05;11140;Виноград
3150;VTR31-06;11466;Владислав
3151;VTR31-07;17155;Горски Сеновец
3152;VTR31-09;35657;Камен
3153;VTR31-10;36782;Кесарево
3154;VTR31-11;44046;Лозен
3155;VTR31-12;48341;Мирово
3156;VTR31-14;51799;Нова Върбовка
3157;VTR31-17;70408;Сушица
3158;VTR31-19;80203;Царски извор
3160;VTR32-04;37561;Коевци
1;﻿BGS01-01;23889;Дрянковец
17;BGS04-03;06776;Брястовец
170;BLG02-01;02107;Бабяк
180;BLG03-02;03664;Бело поле
295;BLG44-01;06238;Брежани
368;DOB15-02;00429;Алцек
98;BGS18-01;04056;Билка
179;BLG03-01;00134;Изгрев
196;BLG11-03;06306;Брезница
282;BLG42-01;04707;Боголин
367;DOB15-01;00374;Самуилово
424;DOB20-03;04193;Бистрец
525;HKV11-01;03681;Белополци
595;HKV30-12;02436;Балкан
684;JAM07-02;06001;Бояново
761;KNL05-02;04314;Блажиево
855;KRZ02-35;04248;Бистроглед
946;KRZ14-48;00905;Априлци
1017;KRZ15-60;02751;Бараци
1077;KRZ16-53;04902;Божак
1121;KRZ21-01;02155;Багрянка
1179;KRZ35-25;05791;Бостанци
1265;LOV38-01;02909;Батулци
1266;LOV38-02;06450;Брестница
1347;PAZ04-07;00165;Аканджиево
1353;PAZ08-01;00881;Абланица
1433;PAZ32-01;04368;Блатница
1523;PDV23-01;06745;Брягово
1605;PER32-01;04618;Богданов дол
1661;PVN10-03;05013;Божурица
1681;PVN16-02;00802;Аспарухово
1776;RAZ16-01;03575;Беловец
1850;RSE04-10;04162;Бистренци
1852;RSE04-12;05133;Лом Черковна
1952;SFO18-02;06608;Брусен
2025;SFO45-01;00223;Алдомировци
2034;SHU07-03;06865;Буйновица
3132;VTR28-02;00285;Александрово
3133;VTR28-03;07363;Българско Сливово
3145;VTR31-01;00730;Асеново
3146;VTR31-02;02470;Балканци
3147;VTR31-03;04282;Благоево
3148;VTR31-04;06731;Бряговица
3159;VTR32-01;07661;Бяла река
2136;SHU25-10;07729;Бял бряг
2220;SLS31-01;00895;Айдемир
2222;SLS31-04;06032;Брадвари
2288;SLV16-30;06788;Брястово
2355;SML09-01;03112;Беден
2384;SML16-18;06937;Букова поляна
2454;SML38-01;04801;Богутево
2539;SZR23-02;07750;Бял извор
2575;SZR31-04;05431;Борилово
2641;TGV22-01;03647;Беломорци
2708;TGV35-01;00215;Алваново
2714;TGV35-07;07154;Буховци
2799;VAR08-01;03602;Белоградец
2876;VID01-01;05582;Боровица
2947;VRC08-01;00401;Алтимир
2949;VRC08-03;07418;Бърдарски геран
3043;VRC35-02;07497;Бързина
3082;VTR13-04;06896;Буйновци
3131;VTR28-01;00237;Алеково
369;DOB15-03;02871;Батово
436;DOB27-01;00432;Ангеларий
477;GAB29-03;03914;Бериево
526;HKV11-02;03695;Белополяне
596;HKV30-13;07781;Бял кладенец
696;JAM22-01;00343;Александрово
764;KNL27-01;02748;Бараково
824;KRZ02-03;07747;Бял извор
899;KRZ14-01;00120;Върбен
947;KRZ14-49;07942;Брегово
963;KRZ15-02;02141;Багрилци
1024;KRZ15-68;06728;Бряговец
1122;KRZ21-02;02292;Балабаново
1160;KRZ35-02;03410;Бели вир
1180;KRZ35-26;07472;Бърза река
1239;LOV34-03;03486;Бели Осъм
1272;MON02-02;04203;Бистрилица
1348;PAZ06-01;07586;Бяга
1378;PAZ19-01;00254;Алеко Константиново
1439;PDV01-02;06029;Боянци
1524;PDV23-02;07675;Бяла река
1576;PDV37-01;03589;Беловица
1643;PVN03-01;07630;Бяла вода
1682;PVN16-04;07274;Българене
1748;RAZ11-01;06481;Брестовене
1777;RAZ16-02;04131;Бисерци
1851;RSE04-11;05877;Ботров
1958;SFO20-01;04830;Стамболово
2030;SFO56-02;07051;Буново
2078;SHU18-01;06094;Браничево
2159;SHU30-25;04265;Благово
2238;SLS34-02;03527;Белица
2264;SLV16-01;00713;Асеновец
2337;SLV24-03;07644;Бяла паланка
2460;SOF46-31;07106;Бусманци
2465;SOF46-36;02511;Балша
2540;SZR23-03;07819;Бяло поле
2574;SZR31-03;04738;Богомилово
2661;TGV22-40;07243;Българаново
2709;TGV35-02;00312;Александрово
2807;VAR09-01;05978;Бояна
2881;VID03-05;05428;Бориловец
2932;VID33-06;03678;Бело поле
2948;VRC08-02;06968;Буковец
3047;VTR04-01;00583;Арбанаси
16;BGS04-02;06152;Братово
1227;LOV33-01;07357;Български извор
2137;SHU30-01;03633;Белокопитово